ISO-10303-21;
HEADER;
/* Generated by software containing ST-Developer
 * from STEP Tools, Inc. (www.steptools.com) 
 */

FILE_DESCRIPTION(
/* description */ (''),
/* implementation_level */ '2;1');

FILE_NAME(
/* name */ 'Top.step',
/* time_stamp */ '2026-06-08T18:58:13-05:00',
/* author */ (''),
/* organization */ (''),
/* preprocessor_version */ 'ST-DEVELOPER v20.1',
/* originating_system */ 'Autodesk Translation Framework v15.8.0.0',
/* authorisation */ '');

FILE_SCHEMA (('AUTOMOTIVE_DESIGN { 1 0 10303 214 3 1 1 }'));
ENDSEC;

DATA;
#10=MECHANICAL_DESIGN_GEOMETRIC_PRESENTATION_REPRESENTATION('',(#13),#3511);
#11=SHAPE_REPRESENTATION_RELATIONSHIP('SRR','None',#3518,#12);
#12=ADVANCED_BREP_SHAPE_REPRESENTATION('',(#14),#3510);
#13=STYLED_ITEM('',(#3527),#14);
#14=MANIFOLD_SOLID_BREP('Body1',#2091);
#15=FACE_BOUND('',#294,.T.);
#16=FACE_BOUND('',#295,.T.);
#17=FACE_BOUND('',#296,.T.);
#18=FACE_BOUND('',#297,.T.);
#19=FACE_BOUND('',#298,.T.);
#20=FACE_BOUND('',#299,.T.);
#21=FACE_BOUND('',#300,.T.);
#22=FACE_BOUND('',#301,.T.);
#23=FACE_BOUND('',#302,.T.);
#24=FACE_BOUND('',#303,.T.);
#25=FACE_BOUND('',#304,.T.);
#26=FACE_BOUND('',#305,.T.);
#27=FACE_BOUND('',#306,.T.);
#28=FACE_BOUND('',#307,.T.);
#29=FACE_BOUND('',#308,.T.);
#30=FACE_BOUND('',#309,.T.);
#31=FACE_BOUND('',#321,.T.);
#32=FACE_BOUND('',#322,.T.);
#33=FACE_BOUND('',#323,.T.);
#34=FACE_BOUND('',#324,.T.);
#35=FACE_BOUND('',#325,.T.);
#36=FACE_BOUND('',#326,.T.);
#37=FACE_BOUND('',#327,.T.);
#38=FACE_BOUND('',#328,.T.);
#39=FACE_BOUND('',#329,.T.);
#40=FACE_BOUND('',#330,.T.);
#41=FACE_BOUND('',#331,.T.);
#42=FACE_BOUND('',#332,.T.);
#43=FACE_BOUND('',#333,.T.);
#44=FACE_BOUND('',#334,.T.);
#45=FACE_BOUND('',#335,.T.);
#46=FACE_BOUND('',#336,.T.);
#47=PLANE('',#2117);
#48=PLANE('',#2118);
#49=PLANE('',#2119);
#50=PLANE('',#2120);
#51=PLANE('',#2124);
#52=PLANE('',#2128);
#53=PLANE('',#2132);
#54=PLANE('',#2136);
#55=PLANE('',#2140);
#56=PLANE('',#2144);
#57=PLANE('',#2148);
#58=PLANE('',#2152);
#59=PLANE('',#2156);
#60=PLANE('',#2160);
#61=PLANE('',#2164);
#62=PLANE('',#2168);
#63=PLANE('',#2172);
#64=PLANE('',#2176);
#65=PLANE('',#2180);
#66=PLANE('',#2184);
#67=PLANE('',#2188);
#68=PLANE('',#2192);
#69=PLANE('',#2196);
#70=PLANE('',#2200);
#71=PLANE('',#2204);
#72=PLANE('',#2208);
#73=PLANE('',#2212);
#74=PLANE('',#2216);
#75=PLANE('',#2220);
#76=PLANE('',#2224);
#77=PLANE('',#2228);
#78=PLANE('',#2232);
#79=PLANE('',#2236);
#80=PLANE('',#2240);
#81=PLANE('',#2244);
#82=PLANE('',#2248);
#83=PLANE('',#2252);
#84=PLANE('',#2256);
#85=PLANE('',#2260);
#86=PLANE('',#2264);
#87=PLANE('',#2268);
#88=PLANE('',#2272);
#89=PLANE('',#2276);
#90=PLANE('',#2280);
#91=PLANE('',#2284);
#92=PLANE('',#2285);
#93=PLANE('',#2291);
#94=PLANE('',#2294);
#95=PLANE('',#2297);
#96=PLANE('',#2298);
#97=PLANE('',#2299);
#98=PLANE('',#2300);
#99=PLANE('',#2301);
#100=PLANE('',#2302);
#101=FACE_OUTER_BOUND('',#203,.T.);
#102=FACE_OUTER_BOUND('',#204,.T.);
#103=FACE_OUTER_BOUND('',#205,.T.);
#104=FACE_OUTER_BOUND('',#206,.T.);
#105=FACE_OUTER_BOUND('',#207,.T.);
#106=FACE_OUTER_BOUND('',#208,.T.);
#107=FACE_OUTER_BOUND('',#209,.T.);
#108=FACE_OUTER_BOUND('',#210,.T.);
#109=FACE_OUTER_BOUND('',#211,.T.);
#110=FACE_OUTER_BOUND('',#212,.T.);
#111=FACE_OUTER_BOUND('',#213,.T.);
#112=FACE_OUTER_BOUND('',#214,.T.);
#113=FACE_OUTER_BOUND('',#215,.T.);
#114=FACE_OUTER_BOUND('',#216,.T.);
#115=FACE_OUTER_BOUND('',#217,.T.);
#116=FACE_OUTER_BOUND('',#218,.T.);
#117=FACE_OUTER_BOUND('',#219,.T.);
#118=FACE_OUTER_BOUND('',#220,.T.);
#119=FACE_OUTER_BOUND('',#221,.T.);
#120=FACE_OUTER_BOUND('',#222,.T.);
#121=FACE_OUTER_BOUND('',#223,.T.);
#122=FACE_OUTER_BOUND('',#224,.T.);
#123=FACE_OUTER_BOUND('',#225,.T.);
#124=FACE_OUTER_BOUND('',#226,.T.);
#125=FACE_OUTER_BOUND('',#227,.T.);
#126=FACE_OUTER_BOUND('',#228,.T.);
#127=FACE_OUTER_BOUND('',#229,.T.);
#128=FACE_OUTER_BOUND('',#230,.T.);
#129=FACE_OUTER_BOUND('',#231,.T.);
#130=FACE_OUTER_BOUND('',#232,.T.);
#131=FACE_OUTER_BOUND('',#233,.T.);
#132=FACE_OUTER_BOUND('',#234,.T.);
#133=FACE_OUTER_BOUND('',#235,.T.);
#134=FACE_OUTER_BOUND('',#236,.T.);
#135=FACE_OUTER_BOUND('',#237,.T.);
#136=FACE_OUTER_BOUND('',#238,.T.);
#137=FACE_OUTER_BOUND('',#239,.T.);
#138=FACE_OUTER_BOUND('',#240,.T.);
#139=FACE_OUTER_BOUND('',#241,.T.);
#140=FACE_OUTER_BOUND('',#242,.T.);
#141=FACE_OUTER_BOUND('',#243,.T.);
#142=FACE_OUTER_BOUND('',#244,.T.);
#143=FACE_OUTER_BOUND('',#245,.T.);
#144=FACE_OUTER_BOUND('',#246,.T.);
#145=FACE_OUTER_BOUND('',#247,.T.);
#146=FACE_OUTER_BOUND('',#248,.T.);
#147=FACE_OUTER_BOUND('',#249,.T.);
#148=FACE_OUTER_BOUND('',#250,.T.);
#149=FACE_OUTER_BOUND('',#251,.T.);
#150=FACE_OUTER_BOUND('',#252,.T.);
#151=FACE_OUTER_BOUND('',#253,.T.);
#152=FACE_OUTER_BOUND('',#254,.T.);
#153=FACE_OUTER_BOUND('',#255,.T.);
#154=FACE_OUTER_BOUND('',#256,.T.);
#155=FACE_OUTER_BOUND('',#257,.T.);
#156=FACE_OUTER_BOUND('',#258,.T.);
#157=FACE_OUTER_BOUND('',#259,.T.);
#158=FACE_OUTER_BOUND('',#260,.T.);
#159=FACE_OUTER_BOUND('',#261,.T.);
#160=FACE_OUTER_BOUND('',#262,.T.);
#161=FACE_OUTER_BOUND('',#263,.T.);
#162=FACE_OUTER_BOUND('',#264,.T.);
#163=FACE_OUTER_BOUND('',#265,.T.);
#164=FACE_OUTER_BOUND('',#266,.T.);
#165=FACE_OUTER_BOUND('',#267,.T.);
#166=FACE_OUTER_BOUND('',#268,.T.);
#167=FACE_OUTER_BOUND('',#269,.T.);
#168=FACE_OUTER_BOUND('',#270,.T.);
#169=FACE_OUTER_BOUND('',#271,.T.);
#170=FACE_OUTER_BOUND('',#272,.T.);
#171=FACE_OUTER_BOUND('',#273,.T.);
#172=FACE_OUTER_BOUND('',#274,.T.);
#173=FACE_OUTER_BOUND('',#275,.T.);
#174=FACE_OUTER_BOUND('',#276,.T.);
#175=FACE_OUTER_BOUND('',#277,.T.);
#176=FACE_OUTER_BOUND('',#278,.T.);
#177=FACE_OUTER_BOUND('',#279,.T.);
#178=FACE_OUTER_BOUND('',#280,.T.);
#179=FACE_OUTER_BOUND('',#281,.T.);
#180=FACE_OUTER_BOUND('',#282,.T.);
#181=FACE_OUTER_BOUND('',#283,.T.);
#182=FACE_OUTER_BOUND('',#284,.T.);
#183=FACE_OUTER_BOUND('',#285,.T.);
#184=FACE_OUTER_BOUND('',#286,.T.);
#185=FACE_OUTER_BOUND('',#287,.T.);
#186=FACE_OUTER_BOUND('',#288,.T.);
#187=FACE_OUTER_BOUND('',#289,.T.);
#188=FACE_OUTER_BOUND('',#290,.T.);
#189=FACE_OUTER_BOUND('',#291,.T.);
#190=FACE_OUTER_BOUND('',#292,.T.);
#191=FACE_OUTER_BOUND('',#293,.T.);
#192=FACE_OUTER_BOUND('',#310,.T.);
#193=FACE_OUTER_BOUND('',#311,.T.);
#194=FACE_OUTER_BOUND('',#312,.T.);
#195=FACE_OUTER_BOUND('',#313,.T.);
#196=FACE_OUTER_BOUND('',#314,.T.);
#197=FACE_OUTER_BOUND('',#315,.T.);
#198=FACE_OUTER_BOUND('',#316,.T.);
#199=FACE_OUTER_BOUND('',#317,.T.);
#200=FACE_OUTER_BOUND('',#318,.T.);
#201=FACE_OUTER_BOUND('',#319,.T.);
#202=FACE_OUTER_BOUND('',#320,.T.);
#203=EDGE_LOOP('',(#1341,#1342,#1343,#1344));
#204=EDGE_LOOP('',(#1345,#1346,#1347,#1348));
#205=EDGE_LOOP('',(#1349,#1350,#1351,#1352));
#206=EDGE_LOOP('',(#1353,#1354,#1355,#1356));
#207=EDGE_LOOP('',(#1357,#1358,#1359,#1360));
#208=EDGE_LOOP('',(#1361,#1362,#1363,#1364));
#209=EDGE_LOOP('',(#1365,#1366,#1367,#1368));
#210=EDGE_LOOP('',(#1369,#1370,#1371,#1372));
#211=EDGE_LOOP('',(#1373,#1374,#1375,#1376));
#212=EDGE_LOOP('',(#1377,#1378,#1379,#1380));
#213=EDGE_LOOP('',(#1381,#1382,#1383,#1384));
#214=EDGE_LOOP('',(#1385,#1386,#1387,#1388));
#215=EDGE_LOOP('',(#1389,#1390,#1391,#1392));
#216=EDGE_LOOP('',(#1393,#1394,#1395,#1396));
#217=EDGE_LOOP('',(#1397,#1398,#1399,#1400));
#218=EDGE_LOOP('',(#1401,#1402,#1403,#1404));
#219=EDGE_LOOP('',(#1405,#1406,#1407,#1408));
#220=EDGE_LOOP('',(#1409,#1410,#1411,#1412));
#221=EDGE_LOOP('',(#1413,#1414,#1415,#1416));
#222=EDGE_LOOP('',(#1417,#1418,#1419,#1420));
#223=EDGE_LOOP('',(#1421,#1422,#1423,#1424));
#224=EDGE_LOOP('',(#1425,#1426,#1427,#1428));
#225=EDGE_LOOP('',(#1429,#1430,#1431,#1432));
#226=EDGE_LOOP('',(#1433,#1434,#1435,#1436));
#227=EDGE_LOOP('',(#1437,#1438,#1439,#1440));
#228=EDGE_LOOP('',(#1441,#1442,#1443,#1444));
#229=EDGE_LOOP('',(#1445,#1446,#1447,#1448));
#230=EDGE_LOOP('',(#1449,#1450,#1451,#1452));
#231=EDGE_LOOP('',(#1453,#1454,#1455,#1456));
#232=EDGE_LOOP('',(#1457,#1458,#1459,#1460));
#233=EDGE_LOOP('',(#1461,#1462,#1463,#1464));
#234=EDGE_LOOP('',(#1465,#1466,#1467,#1468));
#235=EDGE_LOOP('',(#1469,#1470,#1471,#1472));
#236=EDGE_LOOP('',(#1473,#1474,#1475,#1476));
#237=EDGE_LOOP('',(#1477,#1478,#1479,#1480));
#238=EDGE_LOOP('',(#1481,#1482,#1483,#1484));
#239=EDGE_LOOP('',(#1485,#1486,#1487,#1488));
#240=EDGE_LOOP('',(#1489,#1490,#1491,#1492));
#241=EDGE_LOOP('',(#1493,#1494,#1495,#1496));
#242=EDGE_LOOP('',(#1497,#1498,#1499,#1500));
#243=EDGE_LOOP('',(#1501,#1502,#1503,#1504));
#244=EDGE_LOOP('',(#1505,#1506,#1507,#1508));
#245=EDGE_LOOP('',(#1509,#1510,#1511,#1512));
#246=EDGE_LOOP('',(#1513,#1514,#1515,#1516));
#247=EDGE_LOOP('',(#1517,#1518,#1519,#1520));
#248=EDGE_LOOP('',(#1521,#1522,#1523,#1524));
#249=EDGE_LOOP('',(#1525,#1526,#1527,#1528));
#250=EDGE_LOOP('',(#1529,#1530,#1531,#1532));
#251=EDGE_LOOP('',(#1533,#1534,#1535,#1536));
#252=EDGE_LOOP('',(#1537,#1538,#1539,#1540));
#253=EDGE_LOOP('',(#1541,#1542,#1543,#1544));
#254=EDGE_LOOP('',(#1545,#1546,#1547,#1548));
#255=EDGE_LOOP('',(#1549,#1550,#1551,#1552));
#256=EDGE_LOOP('',(#1553,#1554,#1555,#1556));
#257=EDGE_LOOP('',(#1557,#1558,#1559,#1560));
#258=EDGE_LOOP('',(#1561,#1562,#1563,#1564));
#259=EDGE_LOOP('',(#1565,#1566,#1567,#1568));
#260=EDGE_LOOP('',(#1569,#1570,#1571,#1572));
#261=EDGE_LOOP('',(#1573,#1574,#1575,#1576));
#262=EDGE_LOOP('',(#1577,#1578,#1579,#1580));
#263=EDGE_LOOP('',(#1581,#1582,#1583,#1584));
#264=EDGE_LOOP('',(#1585,#1586,#1587,#1588));
#265=EDGE_LOOP('',(#1589,#1590,#1591,#1592));
#266=EDGE_LOOP('',(#1593,#1594,#1595,#1596));
#267=EDGE_LOOP('',(#1597,#1598,#1599,#1600));
#268=EDGE_LOOP('',(#1601,#1602,#1603,#1604));
#269=EDGE_LOOP('',(#1605,#1606,#1607,#1608));
#270=EDGE_LOOP('',(#1609,#1610,#1611,#1612));
#271=EDGE_LOOP('',(#1613,#1614,#1615,#1616));
#272=EDGE_LOOP('',(#1617,#1618,#1619,#1620));
#273=EDGE_LOOP('',(#1621,#1622,#1623,#1624));
#274=EDGE_LOOP('',(#1625,#1626,#1627,#1628));
#275=EDGE_LOOP('',(#1629,#1630,#1631,#1632));
#276=EDGE_LOOP('',(#1633,#1634,#1635,#1636));
#277=EDGE_LOOP('',(#1637,#1638,#1639,#1640));
#278=EDGE_LOOP('',(#1641,#1642,#1643,#1644));
#279=EDGE_LOOP('',(#1645,#1646,#1647,#1648));
#280=EDGE_LOOP('',(#1649,#1650,#1651,#1652));
#281=EDGE_LOOP('',(#1653,#1654,#1655,#1656));
#282=EDGE_LOOP('',(#1657,#1658,#1659,#1660));
#283=EDGE_LOOP('',(#1661,#1662,#1663,#1664));
#284=EDGE_LOOP('',(#1665,#1666,#1667,#1668));
#285=EDGE_LOOP('',(#1669,#1670,#1671,#1672));
#286=EDGE_LOOP('',(#1673,#1674,#1675,#1676));
#287=EDGE_LOOP('',(#1677,#1678,#1679,#1680));
#288=EDGE_LOOP('',(#1681,#1682,#1683,#1684));
#289=EDGE_LOOP('',(#1685,#1686,#1687,#1688));
#290=EDGE_LOOP('',(#1689,#1690,#1691,#1692));
#291=EDGE_LOOP('',(#1693,#1694,#1695,#1696));
#292=EDGE_LOOP('',(#1697,#1698,#1699,#1700));
#293=EDGE_LOOP('',(#1701,#1702,#1703,#1704,#1705,#1706,#1707,#1708));
#294=EDGE_LOOP('',(#1709,#1710,#1711,#1712));
#295=EDGE_LOOP('',(#1713,#1714,#1715,#1716));
#296=EDGE_LOOP('',(#1717,#1718,#1719,#1720,#1721,#1722,#1723,#1724));
#297=EDGE_LOOP('',(#1725,#1726,#1727,#1728,#1729,#1730,#1731,#1732));
#298=EDGE_LOOP('',(#1733,#1734,#1735,#1736,#1737,#1738,#1739,#1740));
#299=EDGE_LOOP('',(#1741,#1742,#1743,#1744,#1745,#1746,#1747,#1748));
#300=EDGE_LOOP('',(#1749,#1750,#1751,#1752,#1753,#1754,#1755,#1756));
#301=EDGE_LOOP('',(#1757,#1758,#1759,#1760,#1761,#1762,#1763,#1764));
#302=EDGE_LOOP('',(#1765,#1766,#1767,#1768,#1769,#1770,#1771,#1772));
#303=EDGE_LOOP('',(#1773,#1774,#1775,#1776,#1777,#1778,#1779,#1780));
#304=EDGE_LOOP('',(#1781,#1782,#1783,#1784,#1785,#1786,#1787,#1788));
#305=EDGE_LOOP('',(#1789,#1790,#1791,#1792,#1793,#1794,#1795,#1796));
#306=EDGE_LOOP('',(#1797));
#307=EDGE_LOOP('',(#1798));
#308=EDGE_LOOP('',(#1799));
#309=EDGE_LOOP('',(#1800));
#310=EDGE_LOOP('',(#1801,#1802,#1803,#1804));
#311=EDGE_LOOP('',(#1805,#1806,#1807,#1808));
#312=EDGE_LOOP('',(#1809,#1810,#1811,#1812));
#313=EDGE_LOOP('',(#1813,#1814,#1815,#1816));
#314=EDGE_LOOP('',(#1817,#1818,#1819,#1820));
#315=EDGE_LOOP('',(#1821,#1822,#1823,#1824));
#316=EDGE_LOOP('',(#1825,#1826,#1827,#1828));
#317=EDGE_LOOP('',(#1829,#1830,#1831,#1832));
#318=EDGE_LOOP('',(#1833,#1834,#1835,#1836));
#319=EDGE_LOOP('',(#1837,#1838,#1839,#1840));
#320=EDGE_LOOP('',(#1841,#1842,#1843,#1844,#1845,#1846,#1847,#1848));
#321=EDGE_LOOP('',(#1849,#1850,#1851,#1852));
#322=EDGE_LOOP('',(#1853,#1854,#1855,#1856));
#323=EDGE_LOOP('',(#1857,#1858,#1859,#1860,#1861,#1862,#1863,#1864));
#324=EDGE_LOOP('',(#1865,#1866,#1867,#1868,#1869,#1870,#1871,#1872));
#325=EDGE_LOOP('',(#1873,#1874,#1875,#1876,#1877,#1878,#1879,#1880));
#326=EDGE_LOOP('',(#1881,#1882,#1883,#1884,#1885,#1886,#1887,#1888));
#327=EDGE_LOOP('',(#1889,#1890,#1891,#1892,#1893,#1894,#1895,#1896));
#328=EDGE_LOOP('',(#1897,#1898,#1899,#1900,#1901,#1902,#1903,#1904));
#329=EDGE_LOOP('',(#1905,#1906,#1907,#1908,#1909,#1910,#1911,#1912));
#330=EDGE_LOOP('',(#1913,#1914,#1915,#1916,#1917,#1918,#1919,#1920));
#331=EDGE_LOOP('',(#1921,#1922,#1923,#1924,#1925,#1926,#1927,#1928));
#332=EDGE_LOOP('',(#1929,#1930,#1931,#1932,#1933,#1934,#1935,#1936));
#333=EDGE_LOOP('',(#1937));
#334=EDGE_LOOP('',(#1938));
#335=EDGE_LOOP('',(#1939));
#336=EDGE_LOOP('',(#1940));
#337=LINE('',#2910,#541);
#338=LINE('',#2916,#542);
#339=LINE('',#2922,#543);
#340=LINE('',#2928,#544);
#341=LINE('',#2933,#545);
#342=LINE('',#2935,#546);
#343=LINE('',#2937,#547);
#344=LINE('',#2938,#548);
#345=LINE('',#2941,#549);
#346=LINE('',#2943,#550);
#347=LINE('',#2944,#551);
#348=LINE('',#2947,#552);
#349=LINE('',#2949,#553);
#350=LINE('',#2950,#554);
#351=LINE('',#2952,#555);
#352=LINE('',#2953,#556);
#353=LINE('',#2959,#557);
#354=LINE('',#2962,#558);
#355=LINE('',#2965,#559);
#356=LINE('',#2967,#560);
#357=LINE('',#2968,#561);
#358=LINE('',#2973,#562);
#359=LINE('',#2977,#563);
#360=LINE('',#2979,#564);
#361=LINE('',#2980,#565);
#362=LINE('',#2985,#566);
#363=LINE('',#2989,#567);
#364=LINE('',#2991,#568);
#365=LINE('',#2992,#569);
#366=LINE('',#2997,#570);
#367=LINE('',#3000,#571);
#368=LINE('',#3001,#572);
#369=LINE('',#3007,#573);
#370=LINE('',#3010,#574);
#371=LINE('',#3013,#575);
#372=LINE('',#3015,#576);
#373=LINE('',#3016,#577);
#374=LINE('',#3022,#578);
#375=LINE('',#3025,#579);
#376=LINE('',#3028,#580);
#377=LINE('',#3030,#581);
#378=LINE('',#3031,#582);
#379=LINE('',#3037,#583);
#380=LINE('',#3040,#584);
#381=LINE('',#3043,#585);
#382=LINE('',#3045,#586);
#383=LINE('',#3046,#587);
#384=LINE('',#3052,#588);
#385=LINE('',#3055,#589);
#386=LINE('',#3058,#590);
#387=LINE('',#3060,#591);
#388=LINE('',#3061,#592);
#389=LINE('',#3067,#593);
#390=LINE('',#3070,#594);
#391=LINE('',#3073,#595);
#392=LINE('',#3075,#596);
#393=LINE('',#3076,#597);
#394=LINE('',#3082,#598);
#395=LINE('',#3085,#599);
#396=LINE('',#3088,#600);
#397=LINE('',#3090,#601);
#398=LINE('',#3091,#602);
#399=LINE('',#3097,#603);
#400=LINE('',#3100,#604);
#401=LINE('',#3103,#605);
#402=LINE('',#3105,#606);
#403=LINE('',#3106,#607);
#404=LINE('',#3112,#608);
#405=LINE('',#3115,#609);
#406=LINE('',#3118,#610);
#407=LINE('',#3120,#611);
#408=LINE('',#3121,#612);
#409=LINE('',#3127,#613);
#410=LINE('',#3130,#614);
#411=LINE('',#3133,#615);
#412=LINE('',#3135,#616);
#413=LINE('',#3136,#617);
#414=LINE('',#3142,#618);
#415=LINE('',#3145,#619);
#416=LINE('',#3147,#620);
#417=LINE('',#3148,#621);
#418=LINE('',#3154,#622);
#419=LINE('',#3157,#623);
#420=LINE('',#3159,#624);
#421=LINE('',#3160,#625);
#422=LINE('',#3166,#626);
#423=LINE('',#3169,#627);
#424=LINE('',#3171,#628);
#425=LINE('',#3172,#629);
#426=LINE('',#3178,#630);
#427=LINE('',#3181,#631);
#428=LINE('',#3183,#632);
#429=LINE('',#3184,#633);
#430=LINE('',#3190,#634);
#431=LINE('',#3193,#635);
#432=LINE('',#3195,#636);
#433=LINE('',#3196,#637);
#434=LINE('',#3202,#638);
#435=LINE('',#3205,#639);
#436=LINE('',#3207,#640);
#437=LINE('',#3208,#641);
#438=LINE('',#3214,#642);
#439=LINE('',#3217,#643);
#440=LINE('',#3219,#644);
#441=LINE('',#3220,#645);
#442=LINE('',#3226,#646);
#443=LINE('',#3229,#647);
#444=LINE('',#3231,#648);
#445=LINE('',#3232,#649);
#446=LINE('',#3238,#650);
#447=LINE('',#3241,#651);
#448=LINE('',#3243,#652);
#449=LINE('',#3244,#653);
#450=LINE('',#3250,#654);
#451=LINE('',#3253,#655);
#452=LINE('',#3255,#656);
#453=LINE('',#3256,#657);
#454=LINE('',#3262,#658);
#455=LINE('',#3265,#659);
#456=LINE('',#3267,#660);
#457=LINE('',#3268,#661);
#458=LINE('',#3274,#662);
#459=LINE('',#3277,#663);
#460=LINE('',#3279,#664);
#461=LINE('',#3280,#665);
#462=LINE('',#3286,#666);
#463=LINE('',#3289,#667);
#464=LINE('',#3291,#668);
#465=LINE('',#3292,#669);
#466=LINE('',#3298,#670);
#467=LINE('',#3301,#671);
#468=LINE('',#3303,#672);
#469=LINE('',#3304,#673);
#470=LINE('',#3310,#674);
#471=LINE('',#3313,#675);
#472=LINE('',#3315,#676);
#473=LINE('',#3316,#677);
#474=LINE('',#3322,#678);
#475=LINE('',#3325,#679);
#476=LINE('',#3327,#680);
#477=LINE('',#3328,#681);
#478=LINE('',#3334,#682);
#479=LINE('',#3337,#683);
#480=LINE('',#3339,#684);
#481=LINE('',#3340,#685);
#482=LINE('',#3346,#686);
#483=LINE('',#3349,#687);
#484=LINE('',#3351,#688);
#485=LINE('',#3352,#689);
#486=LINE('',#3357,#690);
#487=LINE('',#3360,#691);
#488=LINE('',#3361,#692);
#489=LINE('',#3366,#693);
#490=LINE('',#3369,#694);
#491=LINE('',#3370,#695);
#492=LINE('',#3375,#696);
#493=LINE('',#3378,#697);
#494=LINE('',#3379,#698);
#495=LINE('',#3384,#699);
#496=LINE('',#3387,#700);
#497=LINE('',#3388,#701);
#498=LINE('',#3393,#702);
#499=LINE('',#3396,#703);
#500=LINE('',#3397,#704);
#501=LINE('',#3402,#705);
#502=LINE('',#3405,#706);
#503=LINE('',#3406,#707);
#504=LINE('',#3411,#708);
#505=LINE('',#3414,#709);
#506=LINE('',#3415,#710);
#507=LINE('',#3420,#711);
#508=LINE('',#3423,#712);
#509=LINE('',#3424,#713);
#510=LINE('',#3429,#714);
#511=LINE('',#3432,#715);
#512=LINE('',#3433,#716);
#513=LINE('',#3439,#717);
#514=LINE('',#3442,#718);
#515=LINE('',#3445,#719);
#516=LINE('',#3447,#720);
#517=LINE('',#3448,#721);
#518=LINE('',#3451,#722);
#519=LINE('',#3455,#723);
#520=LINE('',#3459,#724);
#521=LINE('',#3463,#725);
#522=LINE('',#3465,#726);
#523=LINE('',#3467,#727);
#524=LINE('',#3468,#728);
#525=LINE('',#3472,#729);
#526=LINE('',#3475,#730);
#527=LINE('',#3476,#731);
#528=LINE('',#3480,#732);
#529=LINE('',#3483,#733);
#530=LINE('',#3484,#734);
#531=LINE('',#3488,#735);
#532=LINE('',#3492,#736);
#533=LINE('',#3493,#737);
#534=LINE('',#3494,#738);
#535=LINE('',#3497,#739);
#536=LINE('',#3498,#740);
#537=LINE('',#3501,#741);
#538=LINE('',#3502,#742);
#539=LINE('',#3504,#743);
#540=LINE('',#3506,#744);
#541=VECTOR('',#2309,1.7);
#542=VECTOR('',#2316,1.7);
#543=VECTOR('',#2323,1.7);
#544=VECTOR('',#2330,1.7);
#545=VECTOR('',#2335,10.);
#546=VECTOR('',#2336,10.);
#547=VECTOR('',#2337,10.);
#548=VECTOR('',#2338,10.);
#549=VECTOR('',#2341,10.);
#550=VECTOR('',#2342,10.);
#551=VECTOR('',#2343,10.);
#552=VECTOR('',#2346,10.);
#553=VECTOR('',#2347,10.);
#554=VECTOR('',#2348,10.);
#555=VECTOR('',#2351,10.);
#556=VECTOR('',#2352,10.);
#557=VECTOR('',#2357,10.);
#558=VECTOR('',#2360,10.);
#559=VECTOR('',#2363,10.);
#560=VECTOR('',#2364,10.);
#561=VECTOR('',#2365,10.);
#562=VECTOR('',#2370,10.);
#563=VECTOR('',#2375,10.);
#564=VECTOR('',#2376,10.);
#565=VECTOR('',#2377,10.);
#566=VECTOR('',#2382,10.);
#567=VECTOR('',#2387,10.);
#568=VECTOR('',#2388,10.);
#569=VECTOR('',#2389,10.);
#570=VECTOR('',#2394,10.);
#571=VECTOR('',#2399,10.);
#572=VECTOR('',#2400,10.);
#573=VECTOR('',#2405,10.);
#574=VECTOR('',#2408,10.);
#575=VECTOR('',#2411,10.);
#576=VECTOR('',#2412,10.);
#577=VECTOR('',#2413,10.);
#578=VECTOR('',#2418,10.);
#579=VECTOR('',#2421,10.);
#580=VECTOR('',#2424,10.);
#581=VECTOR('',#2425,10.);
#582=VECTOR('',#2426,10.);
#583=VECTOR('',#2431,10.);
#584=VECTOR('',#2434,10.);
#585=VECTOR('',#2437,10.);
#586=VECTOR('',#2438,10.);
#587=VECTOR('',#2439,10.);
#588=VECTOR('',#2444,10.);
#589=VECTOR('',#2447,10.);
#590=VECTOR('',#2450,10.);
#591=VECTOR('',#2451,10.);
#592=VECTOR('',#2452,10.);
#593=VECTOR('',#2457,10.);
#594=VECTOR('',#2460,10.);
#595=VECTOR('',#2463,10.);
#596=VECTOR('',#2464,10.);
#597=VECTOR('',#2465,10.);
#598=VECTOR('',#2470,10.);
#599=VECTOR('',#2473,10.);
#600=VECTOR('',#2476,10.);
#601=VECTOR('',#2477,10.);
#602=VECTOR('',#2478,10.);
#603=VECTOR('',#2483,10.);
#604=VECTOR('',#2486,10.);
#605=VECTOR('',#2489,10.);
#606=VECTOR('',#2490,10.);
#607=VECTOR('',#2491,10.);
#608=VECTOR('',#2496,10.);
#609=VECTOR('',#2499,10.);
#610=VECTOR('',#2502,10.);
#611=VECTOR('',#2503,10.);
#612=VECTOR('',#2504,10.);
#613=VECTOR('',#2509,10.);
#614=VECTOR('',#2512,10.);
#615=VECTOR('',#2515,10.);
#616=VECTOR('',#2516,10.);
#617=VECTOR('',#2517,10.);
#618=VECTOR('',#2522,10.);
#619=VECTOR('',#2525,10.);
#620=VECTOR('',#2528,10.);
#621=VECTOR('',#2529,10.);
#622=VECTOR('',#2534,10.);
#623=VECTOR('',#2537,10.);
#624=VECTOR('',#2540,10.);
#625=VECTOR('',#2541,10.);
#626=VECTOR('',#2546,10.);
#627=VECTOR('',#2549,10.);
#628=VECTOR('',#2552,10.);
#629=VECTOR('',#2553,10.);
#630=VECTOR('',#2558,10.);
#631=VECTOR('',#2561,10.);
#632=VECTOR('',#2564,10.);
#633=VECTOR('',#2565,10.);
#634=VECTOR('',#2570,10.);
#635=VECTOR('',#2573,10.);
#636=VECTOR('',#2576,10.);
#637=VECTOR('',#2577,10.);
#638=VECTOR('',#2582,10.);
#639=VECTOR('',#2585,10.);
#640=VECTOR('',#2588,10.);
#641=VECTOR('',#2589,10.);
#642=VECTOR('',#2594,10.);
#643=VECTOR('',#2597,10.);
#644=VECTOR('',#2600,10.);
#645=VECTOR('',#2601,10.);
#646=VECTOR('',#2606,10.);
#647=VECTOR('',#2609,10.);
#648=VECTOR('',#2612,10.);
#649=VECTOR('',#2613,10.);
#650=VECTOR('',#2618,10.);
#651=VECTOR('',#2621,10.);
#652=VECTOR('',#2624,10.);
#653=VECTOR('',#2625,10.);
#654=VECTOR('',#2630,10.);
#655=VECTOR('',#2633,10.);
#656=VECTOR('',#2636,10.);
#657=VECTOR('',#2637,10.);
#658=VECTOR('',#2642,10.);
#659=VECTOR('',#2645,10.);
#660=VECTOR('',#2648,10.);
#661=VECTOR('',#2649,10.);
#662=VECTOR('',#2654,10.);
#663=VECTOR('',#2657,10.);
#664=VECTOR('',#2660,10.);
#665=VECTOR('',#2661,10.);
#666=VECTOR('',#2666,10.);
#667=VECTOR('',#2669,10.);
#668=VECTOR('',#2672,10.);
#669=VECTOR('',#2673,10.);
#670=VECTOR('',#2678,10.);
#671=VECTOR('',#2681,10.);
#672=VECTOR('',#2684,10.);
#673=VECTOR('',#2685,10.);
#674=VECTOR('',#2690,10.);
#675=VECTOR('',#2693,10.);
#676=VECTOR('',#2696,10.);
#677=VECTOR('',#2697,10.);
#678=VECTOR('',#2702,10.);
#679=VECTOR('',#2705,10.);
#680=VECTOR('',#2708,10.);
#681=VECTOR('',#2709,10.);
#682=VECTOR('',#2714,10.);
#683=VECTOR('',#2717,10.);
#684=VECTOR('',#2720,10.);
#685=VECTOR('',#2721,10.);
#686=VECTOR('',#2726,10.);
#687=VECTOR('',#2729,10.);
#688=VECTOR('',#2732,10.);
#689=VECTOR('',#2733,10.);
#690=VECTOR('',#2738,10.);
#691=VECTOR('',#2743,10.);
#692=VECTOR('',#2744,10.);
#693=VECTOR('',#2749,10.);
#694=VECTOR('',#2754,10.);
#695=VECTOR('',#2755,10.);
#696=VECTOR('',#2760,10.);
#697=VECTOR('',#2765,10.);
#698=VECTOR('',#2766,10.);
#699=VECTOR('',#2771,10.);
#700=VECTOR('',#2776,10.);
#701=VECTOR('',#2777,10.);
#702=VECTOR('',#2782,10.);
#703=VECTOR('',#2787,10.);
#704=VECTOR('',#2788,10.);
#705=VECTOR('',#2793,10.);
#706=VECTOR('',#2798,10.);
#707=VECTOR('',#2799,10.);
#708=VECTOR('',#2804,10.);
#709=VECTOR('',#2809,10.);
#710=VECTOR('',#2810,10.);
#711=VECTOR('',#2815,10.);
#712=VECTOR('',#2820,10.);
#713=VECTOR('',#2821,10.);
#714=VECTOR('',#2826,10.);
#715=VECTOR('',#2831,10.);
#716=VECTOR('',#2832,10.);
#717=VECTOR('',#2837,10.);
#718=VECTOR('',#2840,10.);
#719=VECTOR('',#2843,10.);
#720=VECTOR('',#2844,10.);
#721=VECTOR('',#2845,10.);
#722=VECTOR('',#2848,10.);
#723=VECTOR('',#2851,10.);
#724=VECTOR('',#2854,10.);
#725=VECTOR('',#2857,10.);
#726=VECTOR('',#2858,10.);
#727=VECTOR('',#2859,10.);
#728=VECTOR('',#2860,10.);
#729=VECTOR('',#2865,10.);
#730=VECTOR('',#2868,10.);
#731=VECTOR('',#2869,10.);
#732=VECTOR('',#2874,10.);
#733=VECTOR('',#2877,10.);
#734=VECTOR('',#2878,10.);
#735=VECTOR('',#2883,10.);
#736=VECTOR('',#2886,10.);
#737=VECTOR('',#2887,10.);
#738=VECTOR('',#2888,10.);
#739=VECTOR('',#2891,10.);
#740=VECTOR('',#2892,10.);
#741=VECTOR('',#2895,10.);
#742=VECTOR('',#2896,10.);
#743=VECTOR('',#2899,10.);
#744=VECTOR('',#2902,10.);
#745=CIRCLE('',#2106,1.7);
#746=CIRCLE('',#2107,1.7);
#747=CIRCLE('',#2109,1.7);
#748=CIRCLE('',#2110,1.7);
#749=CIRCLE('',#2112,1.7);
#750=CIRCLE('',#2113,1.7);
#751=CIRCLE('',#2115,1.7);
#752=CIRCLE('',#2116,1.7);
#753=CIRCLE('',#2122,1.);
#754=CIRCLE('',#2123,1.);
#755=CIRCLE('',#2126,1.);
#756=CIRCLE('',#2127,1.);
#757=CIRCLE('',#2130,1.);
#758=CIRCLE('',#2131,1.);
#759=CIRCLE('',#2134,1.);
#760=CIRCLE('',#2135,1.);
#761=CIRCLE('',#2138,1.);
#762=CIRCLE('',#2139,1.);
#763=CIRCLE('',#2142,1.);
#764=CIRCLE('',#2143,1.);
#765=CIRCLE('',#2146,1.);
#766=CIRCLE('',#2147,1.);
#767=CIRCLE('',#2150,1.);
#768=CIRCLE('',#2151,1.);
#769=CIRCLE('',#2154,1.);
#770=CIRCLE('',#2155,1.);
#771=CIRCLE('',#2158,1.);
#772=CIRCLE('',#2159,1.);
#773=CIRCLE('',#2162,1.);
#774=CIRCLE('',#2163,1.);
#775=CIRCLE('',#2166,1.);
#776=CIRCLE('',#2167,1.);
#777=CIRCLE('',#2170,1.);
#778=CIRCLE('',#2171,1.);
#779=CIRCLE('',#2174,1.);
#780=CIRCLE('',#2175,1.);
#781=CIRCLE('',#2178,1.);
#782=CIRCLE('',#2179,1.);
#783=CIRCLE('',#2182,1.);
#784=CIRCLE('',#2183,1.);
#785=CIRCLE('',#2186,1.);
#786=CIRCLE('',#2187,1.);
#787=CIRCLE('',#2190,1.);
#788=CIRCLE('',#2191,1.);
#789=CIRCLE('',#2194,1.);
#790=CIRCLE('',#2195,1.);
#791=CIRCLE('',#2198,1.);
#792=CIRCLE('',#2199,1.);
#793=CIRCLE('',#2202,1.);
#794=CIRCLE('',#2203,1.);
#795=CIRCLE('',#2206,1.);
#796=CIRCLE('',#2207,1.);
#797=CIRCLE('',#2210,1.);
#798=CIRCLE('',#2211,1.);
#799=CIRCLE('',#2214,1.);
#800=CIRCLE('',#2215,1.);
#801=CIRCLE('',#2218,1.);
#802=CIRCLE('',#2219,1.);
#803=CIRCLE('',#2222,1.);
#804=CIRCLE('',#2223,1.);
#805=CIRCLE('',#2226,1.);
#806=CIRCLE('',#2227,1.);
#807=CIRCLE('',#2230,1.);
#808=CIRCLE('',#2231,1.);
#809=CIRCLE('',#2234,1.);
#810=CIRCLE('',#2235,1.);
#811=CIRCLE('',#2238,1.);
#812=CIRCLE('',#2239,1.);
#813=CIRCLE('',#2242,1.);
#814=CIRCLE('',#2243,1.);
#815=CIRCLE('',#2246,1.);
#816=CIRCLE('',#2247,1.);
#817=CIRCLE('',#2250,1.);
#818=CIRCLE('',#2251,1.);
#819=CIRCLE('',#2254,1.);
#820=CIRCLE('',#2255,1.);
#821=CIRCLE('',#2258,1.);
#822=CIRCLE('',#2259,1.);
#823=CIRCLE('',#2262,1.);
#824=CIRCLE('',#2263,1.);
#825=CIRCLE('',#2266,1.);
#826=CIRCLE('',#2267,1.);
#827=CIRCLE('',#2270,1.);
#828=CIRCLE('',#2271,1.);
#829=CIRCLE('',#2274,1.);
#830=CIRCLE('',#2275,1.);
#831=CIRCLE('',#2278,1.);
#832=CIRCLE('',#2279,1.);
#833=CIRCLE('',#2282,5.);
#834=CIRCLE('',#2283,5.);
#835=CIRCLE('',#2286,5.);
#836=CIRCLE('',#2287,5.);
#837=CIRCLE('',#2288,5.);
#838=CIRCLE('',#2290,5.);
#839=CIRCLE('',#2293,5.);
#840=CIRCLE('',#2296,5.);
#841=VERTEX_POINT('',#2907);
#842=VERTEX_POINT('',#2909);
#843=VERTEX_POINT('',#2913);
#844=VERTEX_POINT('',#2915);
#845=VERTEX_POINT('',#2919);
#846=VERTEX_POINT('',#2921);
#847=VERTEX_POINT('',#2925);
#848=VERTEX_POINT('',#2927);
#849=VERTEX_POINT('',#2931);
#850=VERTEX_POINT('',#2932);
#851=VERTEX_POINT('',#2934);
#852=VERTEX_POINT('',#2936);
#853=VERTEX_POINT('',#2940);
#854=VERTEX_POINT('',#2942);
#855=VERTEX_POINT('',#2946);
#856=VERTEX_POINT('',#2948);
#857=VERTEX_POINT('',#2955);
#858=VERTEX_POINT('',#2956);
#859=VERTEX_POINT('',#2958);
#860=VERTEX_POINT('',#2960);
#861=VERTEX_POINT('',#2964);
#862=VERTEX_POINT('',#2966);
#863=VERTEX_POINT('',#2970);
#864=VERTEX_POINT('',#2972);
#865=VERTEX_POINT('',#2976);
#866=VERTEX_POINT('',#2978);
#867=VERTEX_POINT('',#2982);
#868=VERTEX_POINT('',#2984);
#869=VERTEX_POINT('',#2988);
#870=VERTEX_POINT('',#2990);
#871=VERTEX_POINT('',#2994);
#872=VERTEX_POINT('',#2996);
#873=VERTEX_POINT('',#3003);
#874=VERTEX_POINT('',#3004);
#875=VERTEX_POINT('',#3006);
#876=VERTEX_POINT('',#3008);
#877=VERTEX_POINT('',#3012);
#878=VERTEX_POINT('',#3014);
#879=VERTEX_POINT('',#3018);
#880=VERTEX_POINT('',#3019);
#881=VERTEX_POINT('',#3021);
#882=VERTEX_POINT('',#3023);
#883=VERTEX_POINT('',#3027);
#884=VERTEX_POINT('',#3029);
#885=VERTEX_POINT('',#3033);
#886=VERTEX_POINT('',#3034);
#887=VERTEX_POINT('',#3036);
#888=VERTEX_POINT('',#3038);
#889=VERTEX_POINT('',#3042);
#890=VERTEX_POINT('',#3044);
#891=VERTEX_POINT('',#3048);
#892=VERTEX_POINT('',#3049);
#893=VERTEX_POINT('',#3051);
#894=VERTEX_POINT('',#3053);
#895=VERTEX_POINT('',#3057);
#896=VERTEX_POINT('',#3059);
#897=VERTEX_POINT('',#3063);
#898=VERTEX_POINT('',#3064);
#899=VERTEX_POINT('',#3066);
#900=VERTEX_POINT('',#3068);
#901=VERTEX_POINT('',#3072);
#902=VERTEX_POINT('',#3074);
#903=VERTEX_POINT('',#3078);
#904=VERTEX_POINT('',#3079);
#905=VERTEX_POINT('',#3081);
#906=VERTEX_POINT('',#3083);
#907=VERTEX_POINT('',#3087);
#908=VERTEX_POINT('',#3089);
#909=VERTEX_POINT('',#3093);
#910=VERTEX_POINT('',#3094);
#911=VERTEX_POINT('',#3096);
#912=VERTEX_POINT('',#3098);
#913=VERTEX_POINT('',#3102);
#914=VERTEX_POINT('',#3104);
#915=VERTEX_POINT('',#3108);
#916=VERTEX_POINT('',#3109);
#917=VERTEX_POINT('',#3111);
#918=VERTEX_POINT('',#3113);
#919=VERTEX_POINT('',#3117);
#920=VERTEX_POINT('',#3119);
#921=VERTEX_POINT('',#3123);
#922=VERTEX_POINT('',#3124);
#923=VERTEX_POINT('',#3126);
#924=VERTEX_POINT('',#3128);
#925=VERTEX_POINT('',#3132);
#926=VERTEX_POINT('',#3134);
#927=VERTEX_POINT('',#3138);
#928=VERTEX_POINT('',#3139);
#929=VERTEX_POINT('',#3141);
#930=VERTEX_POINT('',#3143);
#931=VERTEX_POINT('',#3150);
#932=VERTEX_POINT('',#3151);
#933=VERTEX_POINT('',#3153);
#934=VERTEX_POINT('',#3155);
#935=VERTEX_POINT('',#3162);
#936=VERTEX_POINT('',#3163);
#937=VERTEX_POINT('',#3165);
#938=VERTEX_POINT('',#3167);
#939=VERTEX_POINT('',#3174);
#940=VERTEX_POINT('',#3175);
#941=VERTEX_POINT('',#3177);
#942=VERTEX_POINT('',#3179);
#943=VERTEX_POINT('',#3186);
#944=VERTEX_POINT('',#3187);
#945=VERTEX_POINT('',#3189);
#946=VERTEX_POINT('',#3191);
#947=VERTEX_POINT('',#3198);
#948=VERTEX_POINT('',#3199);
#949=VERTEX_POINT('',#3201);
#950=VERTEX_POINT('',#3203);
#951=VERTEX_POINT('',#3210);
#952=VERTEX_POINT('',#3211);
#953=VERTEX_POINT('',#3213);
#954=VERTEX_POINT('',#3215);
#955=VERTEX_POINT('',#3222);
#956=VERTEX_POINT('',#3223);
#957=VERTEX_POINT('',#3225);
#958=VERTEX_POINT('',#3227);
#959=VERTEX_POINT('',#3234);
#960=VERTEX_POINT('',#3235);
#961=VERTEX_POINT('',#3237);
#962=VERTEX_POINT('',#3239);
#963=VERTEX_POINT('',#3246);
#964=VERTEX_POINT('',#3247);
#965=VERTEX_POINT('',#3249);
#966=VERTEX_POINT('',#3251);
#967=VERTEX_POINT('',#3258);
#968=VERTEX_POINT('',#3259);
#969=VERTEX_POINT('',#3261);
#970=VERTEX_POINT('',#3263);
#971=VERTEX_POINT('',#3270);
#972=VERTEX_POINT('',#3271);
#973=VERTEX_POINT('',#3273);
#974=VERTEX_POINT('',#3275);
#975=VERTEX_POINT('',#3282);
#976=VERTEX_POINT('',#3283);
#977=VERTEX_POINT('',#3285);
#978=VERTEX_POINT('',#3287);
#979=VERTEX_POINT('',#3294);
#980=VERTEX_POINT('',#3295);
#981=VERTEX_POINT('',#3297);
#982=VERTEX_POINT('',#3299);
#983=VERTEX_POINT('',#3306);
#984=VERTEX_POINT('',#3307);
#985=VERTEX_POINT('',#3309);
#986=VERTEX_POINT('',#3311);
#987=VERTEX_POINT('',#3318);
#988=VERTEX_POINT('',#3319);
#989=VERTEX_POINT('',#3321);
#990=VERTEX_POINT('',#3323);
#991=VERTEX_POINT('',#3330);
#992=VERTEX_POINT('',#3331);
#993=VERTEX_POINT('',#3333);
#994=VERTEX_POINT('',#3335);
#995=VERTEX_POINT('',#3342);
#996=VERTEX_POINT('',#3343);
#997=VERTEX_POINT('',#3345);
#998=VERTEX_POINT('',#3347);
#999=VERTEX_POINT('',#3354);
#1000=VERTEX_POINT('',#3356);
#1001=VERTEX_POINT('',#3363);
#1002=VERTEX_POINT('',#3365);
#1003=VERTEX_POINT('',#3372);
#1004=VERTEX_POINT('',#3374);
#1005=VERTEX_POINT('',#3381);
#1006=VERTEX_POINT('',#3383);
#1007=VERTEX_POINT('',#3390);
#1008=VERTEX_POINT('',#3392);
#1009=VERTEX_POINT('',#3399);
#1010=VERTEX_POINT('',#3401);
#1011=VERTEX_POINT('',#3408);
#1012=VERTEX_POINT('',#3410);
#1013=VERTEX_POINT('',#3417);
#1014=VERTEX_POINT('',#3419);
#1015=VERTEX_POINT('',#3426);
#1016=VERTEX_POINT('',#3428);
#1017=VERTEX_POINT('',#3435);
#1018=VERTEX_POINT('',#3436);
#1019=VERTEX_POINT('',#3438);
#1020=VERTEX_POINT('',#3440);
#1021=VERTEX_POINT('',#3444);
#1022=VERTEX_POINT('',#3446);
#1023=VERTEX_POINT('',#3450);
#1024=VERTEX_POINT('',#3452);
#1025=VERTEX_POINT('',#3454);
#1026=VERTEX_POINT('',#3456);
#1027=VERTEX_POINT('',#3458);
#1028=VERTEX_POINT('',#3461);
#1029=VERTEX_POINT('',#3462);
#1030=VERTEX_POINT('',#3464);
#1031=VERTEX_POINT('',#3466);
#1032=VERTEX_POINT('',#3470);
#1033=VERTEX_POINT('',#3474);
#1034=VERTEX_POINT('',#3478);
#1035=VERTEX_POINT('',#3482);
#1036=VERTEX_POINT('',#3486);
#1037=VERTEX_POINT('',#3490);
#1038=VERTEX_POINT('',#3491);
#1039=VERTEX_POINT('',#3496);
#1040=VERTEX_POINT('',#3500);
#1041=EDGE_CURVE('',#841,#841,#745,.T.);
#1042=EDGE_CURVE('',#841,#842,#337,.T.);
#1043=EDGE_CURVE('',#842,#842,#746,.T.);
#1044=EDGE_CURVE('',#843,#843,#747,.T.);
#1045=EDGE_CURVE('',#843,#844,#338,.T.);
#1046=EDGE_CURVE('',#844,#844,#748,.T.);
#1047=EDGE_CURVE('',#845,#845,#749,.T.);
#1048=EDGE_CURVE('',#845,#846,#339,.T.);
#1049=EDGE_CURVE('',#846,#846,#750,.T.);
#1050=EDGE_CURVE('',#847,#847,#751,.T.);
#1051=EDGE_CURVE('',#847,#848,#340,.T.);
#1052=EDGE_CURVE('',#848,#848,#752,.T.);
#1053=EDGE_CURVE('',#849,#850,#341,.T.);
#1054=EDGE_CURVE('',#849,#851,#342,.T.);
#1055=EDGE_CURVE('',#852,#851,#343,.T.);
#1056=EDGE_CURVE('',#850,#852,#344,.T.);
#1057=EDGE_CURVE('',#853,#849,#345,.T.);
#1058=EDGE_CURVE('',#853,#854,#346,.T.);
#1059=EDGE_CURVE('',#851,#854,#347,.T.);
#1060=EDGE_CURVE('',#855,#853,#348,.T.);
#1061=EDGE_CURVE('',#855,#856,#349,.T.);
#1062=EDGE_CURVE('',#854,#856,#350,.T.);
#1063=EDGE_CURVE('',#850,#855,#351,.T.);
#1064=EDGE_CURVE('',#856,#852,#352,.T.);
#1065=EDGE_CURVE('',#857,#858,#753,.T.);
#1066=EDGE_CURVE('',#858,#859,#353,.T.);
#1067=EDGE_CURVE('',#859,#860,#754,.T.);
#1068=EDGE_CURVE('',#860,#857,#354,.T.);
#1069=EDGE_CURVE('',#861,#858,#355,.T.);
#1070=EDGE_CURVE('',#862,#861,#356,.T.);
#1071=EDGE_CURVE('',#859,#862,#357,.T.);
#1072=EDGE_CURVE('',#861,#863,#755,.T.);
#1073=EDGE_CURVE('',#863,#864,#358,.T.);
#1074=EDGE_CURVE('',#864,#862,#756,.T.);
#1075=EDGE_CURVE('',#865,#863,#359,.T.);
#1076=EDGE_CURVE('',#866,#865,#360,.T.);
#1077=EDGE_CURVE('',#864,#866,#361,.T.);
#1078=EDGE_CURVE('',#865,#867,#757,.T.);
#1079=EDGE_CURVE('',#867,#868,#362,.T.);
#1080=EDGE_CURVE('',#868,#866,#758,.T.);
#1081=EDGE_CURVE('',#869,#867,#363,.T.);
#1082=EDGE_CURVE('',#870,#869,#364,.T.);
#1083=EDGE_CURVE('',#868,#870,#365,.T.);
#1084=EDGE_CURVE('',#869,#871,#759,.T.);
#1085=EDGE_CURVE('',#871,#872,#366,.T.);
#1086=EDGE_CURVE('',#872,#870,#760,.T.);
#1087=EDGE_CURVE('',#872,#860,#367,.T.);
#1088=EDGE_CURVE('',#857,#871,#368,.T.);
#1089=EDGE_CURVE('',#873,#874,#761,.T.);
#1090=EDGE_CURVE('',#874,#875,#369,.T.);
#1091=EDGE_CURVE('',#875,#876,#762,.T.);
#1092=EDGE_CURVE('',#876,#873,#370,.T.);
#1093=EDGE_CURVE('',#877,#874,#371,.T.);
#1094=EDGE_CURVE('',#878,#877,#372,.T.);
#1095=EDGE_CURVE('',#875,#878,#373,.T.);
#1096=EDGE_CURVE('',#879,#880,#763,.T.);
#1097=EDGE_CURVE('',#880,#881,#374,.T.);
#1098=EDGE_CURVE('',#881,#882,#764,.T.);
#1099=EDGE_CURVE('',#882,#879,#375,.T.);
#1100=EDGE_CURVE('',#883,#880,#376,.T.);
#1101=EDGE_CURVE('',#884,#883,#377,.T.);
#1102=EDGE_CURVE('',#881,#884,#378,.T.);
#1103=EDGE_CURVE('',#885,#886,#765,.T.);
#1104=EDGE_CURVE('',#886,#887,#379,.T.);
#1105=EDGE_CURVE('',#887,#888,#766,.T.);
#1106=EDGE_CURVE('',#888,#885,#380,.T.);
#1107=EDGE_CURVE('',#889,#886,#381,.T.);
#1108=EDGE_CURVE('',#890,#889,#382,.T.);
#1109=EDGE_CURVE('',#887,#890,#383,.T.);
#1110=EDGE_CURVE('',#891,#892,#767,.T.);
#1111=EDGE_CURVE('',#892,#893,#384,.T.);
#1112=EDGE_CURVE('',#893,#894,#768,.T.);
#1113=EDGE_CURVE('',#894,#891,#385,.T.);
#1114=EDGE_CURVE('',#895,#892,#386,.T.);
#1115=EDGE_CURVE('',#896,#895,#387,.T.);
#1116=EDGE_CURVE('',#893,#896,#388,.T.);
#1117=EDGE_CURVE('',#897,#898,#769,.T.);
#1118=EDGE_CURVE('',#898,#899,#389,.T.);
#1119=EDGE_CURVE('',#899,#900,#770,.T.);
#1120=EDGE_CURVE('',#900,#897,#390,.T.);
#1121=EDGE_CURVE('',#901,#898,#391,.T.);
#1122=EDGE_CURVE('',#902,#901,#392,.T.);
#1123=EDGE_CURVE('',#899,#902,#393,.T.);
#1124=EDGE_CURVE('',#903,#904,#771,.T.);
#1125=EDGE_CURVE('',#904,#905,#394,.T.);
#1126=EDGE_CURVE('',#905,#906,#772,.T.);
#1127=EDGE_CURVE('',#906,#903,#395,.T.);
#1128=EDGE_CURVE('',#907,#904,#396,.T.);
#1129=EDGE_CURVE('',#908,#907,#397,.T.);
#1130=EDGE_CURVE('',#905,#908,#398,.T.);
#1131=EDGE_CURVE('',#909,#910,#773,.T.);
#1132=EDGE_CURVE('',#910,#911,#399,.T.);
#1133=EDGE_CURVE('',#911,#912,#774,.T.);
#1134=EDGE_CURVE('',#912,#909,#400,.T.);
#1135=EDGE_CURVE('',#913,#910,#401,.T.);
#1136=EDGE_CURVE('',#914,#913,#402,.T.);
#1137=EDGE_CURVE('',#911,#914,#403,.T.);
#1138=EDGE_CURVE('',#915,#916,#775,.T.);
#1139=EDGE_CURVE('',#916,#917,#404,.T.);
#1140=EDGE_CURVE('',#917,#918,#776,.T.);
#1141=EDGE_CURVE('',#918,#915,#405,.T.);
#1142=EDGE_CURVE('',#919,#916,#406,.T.);
#1143=EDGE_CURVE('',#920,#919,#407,.T.);
#1144=EDGE_CURVE('',#917,#920,#408,.T.);
#1145=EDGE_CURVE('',#921,#922,#777,.T.);
#1146=EDGE_CURVE('',#922,#923,#409,.T.);
#1147=EDGE_CURVE('',#923,#924,#778,.T.);
#1148=EDGE_CURVE('',#924,#921,#410,.T.);
#1149=EDGE_CURVE('',#925,#922,#411,.T.);
#1150=EDGE_CURVE('',#926,#925,#412,.T.);
#1151=EDGE_CURVE('',#923,#926,#413,.T.);
#1152=EDGE_CURVE('',#927,#928,#779,.T.);
#1153=EDGE_CURVE('',#928,#929,#414,.T.);
#1154=EDGE_CURVE('',#929,#930,#780,.T.);
#1155=EDGE_CURVE('',#930,#927,#415,.T.);
#1156=EDGE_CURVE('',#929,#894,#416,.T.);
#1157=EDGE_CURVE('',#891,#928,#417,.T.);
#1158=EDGE_CURVE('',#931,#932,#781,.T.);
#1159=EDGE_CURVE('',#932,#933,#418,.T.);
#1160=EDGE_CURVE('',#933,#934,#782,.T.);
#1161=EDGE_CURVE('',#934,#931,#419,.T.);
#1162=EDGE_CURVE('',#933,#906,#420,.T.);
#1163=EDGE_CURVE('',#903,#932,#421,.T.);
#1164=EDGE_CURVE('',#935,#936,#783,.T.);
#1165=EDGE_CURVE('',#936,#937,#422,.T.);
#1166=EDGE_CURVE('',#937,#938,#784,.T.);
#1167=EDGE_CURVE('',#938,#935,#423,.T.);
#1168=EDGE_CURVE('',#937,#912,#424,.T.);
#1169=EDGE_CURVE('',#909,#936,#425,.T.);
#1170=EDGE_CURVE('',#939,#940,#785,.T.);
#1171=EDGE_CURVE('',#940,#941,#426,.T.);
#1172=EDGE_CURVE('',#941,#942,#786,.T.);
#1173=EDGE_CURVE('',#942,#939,#427,.T.);
#1174=EDGE_CURVE('',#941,#882,#428,.T.);
#1175=EDGE_CURVE('',#879,#940,#429,.T.);
#1176=EDGE_CURVE('',#943,#944,#787,.T.);
#1177=EDGE_CURVE('',#944,#945,#430,.T.);
#1178=EDGE_CURVE('',#945,#946,#788,.T.);
#1179=EDGE_CURVE('',#946,#943,#431,.T.);
#1180=EDGE_CURVE('',#945,#876,#432,.T.);
#1181=EDGE_CURVE('',#873,#944,#433,.T.);
#1182=EDGE_CURVE('',#947,#948,#789,.T.);
#1183=EDGE_CURVE('',#948,#949,#434,.T.);
#1184=EDGE_CURVE('',#949,#950,#790,.T.);
#1185=EDGE_CURVE('',#950,#947,#435,.T.);
#1186=EDGE_CURVE('',#949,#888,#436,.T.);
#1187=EDGE_CURVE('',#885,#948,#437,.T.);
#1188=EDGE_CURVE('',#951,#952,#791,.T.);
#1189=EDGE_CURVE('',#952,#953,#438,.T.);
#1190=EDGE_CURVE('',#953,#954,#792,.T.);
#1191=EDGE_CURVE('',#954,#951,#439,.T.);
#1192=EDGE_CURVE('',#953,#900,#440,.T.);
#1193=EDGE_CURVE('',#897,#952,#441,.T.);
#1194=EDGE_CURVE('',#955,#956,#793,.T.);
#1195=EDGE_CURVE('',#956,#957,#442,.T.);
#1196=EDGE_CURVE('',#957,#958,#794,.T.);
#1197=EDGE_CURVE('',#958,#955,#443,.T.);
#1198=EDGE_CURVE('',#957,#918,#444,.T.);
#1199=EDGE_CURVE('',#915,#956,#445,.T.);
#1200=EDGE_CURVE('',#959,#960,#795,.T.);
#1201=EDGE_CURVE('',#960,#961,#446,.T.);
#1202=EDGE_CURVE('',#961,#962,#796,.T.);
#1203=EDGE_CURVE('',#962,#959,#447,.T.);
#1204=EDGE_CURVE('',#961,#924,#448,.T.);
#1205=EDGE_CURVE('',#921,#960,#449,.T.);
#1206=EDGE_CURVE('',#963,#964,#797,.T.);
#1207=EDGE_CURVE('',#964,#965,#450,.T.);
#1208=EDGE_CURVE('',#965,#966,#798,.T.);
#1209=EDGE_CURVE('',#966,#963,#451,.T.);
#1210=EDGE_CURVE('',#965,#962,#452,.T.);
#1211=EDGE_CURVE('',#959,#964,#453,.T.);
#1212=EDGE_CURVE('',#967,#968,#799,.T.);
#1213=EDGE_CURVE('',#968,#969,#454,.T.);
#1214=EDGE_CURVE('',#969,#970,#800,.T.);
#1215=EDGE_CURVE('',#970,#967,#455,.T.);
#1216=EDGE_CURVE('',#969,#942,#456,.T.);
#1217=EDGE_CURVE('',#939,#968,#457,.T.);
#1218=EDGE_CURVE('',#971,#972,#801,.T.);
#1219=EDGE_CURVE('',#972,#973,#458,.T.);
#1220=EDGE_CURVE('',#973,#974,#802,.T.);
#1221=EDGE_CURVE('',#974,#971,#459,.T.);
#1222=EDGE_CURVE('',#973,#946,#460,.T.);
#1223=EDGE_CURVE('',#943,#972,#461,.T.);
#1224=EDGE_CURVE('',#975,#976,#803,.T.);
#1225=EDGE_CURVE('',#976,#977,#462,.T.);
#1226=EDGE_CURVE('',#977,#978,#804,.T.);
#1227=EDGE_CURVE('',#978,#975,#463,.T.);
#1228=EDGE_CURVE('',#977,#950,#464,.T.);
#1229=EDGE_CURVE('',#947,#976,#465,.T.);
#1230=EDGE_CURVE('',#979,#980,#805,.T.);
#1231=EDGE_CURVE('',#980,#981,#466,.T.);
#1232=EDGE_CURVE('',#981,#982,#806,.T.);
#1233=EDGE_CURVE('',#982,#979,#467,.T.);
#1234=EDGE_CURVE('',#981,#954,#468,.T.);
#1235=EDGE_CURVE('',#951,#980,#469,.T.);
#1236=EDGE_CURVE('',#983,#984,#807,.T.);
#1237=EDGE_CURVE('',#984,#985,#470,.T.);
#1238=EDGE_CURVE('',#985,#986,#808,.T.);
#1239=EDGE_CURVE('',#986,#983,#471,.T.);
#1240=EDGE_CURVE('',#985,#958,#472,.T.);
#1241=EDGE_CURVE('',#955,#984,#473,.T.);
#1242=EDGE_CURVE('',#987,#988,#809,.T.);
#1243=EDGE_CURVE('',#988,#989,#474,.T.);
#1244=EDGE_CURVE('',#989,#990,#810,.T.);
#1245=EDGE_CURVE('',#990,#987,#475,.T.);
#1246=EDGE_CURVE('',#989,#938,#476,.T.);
#1247=EDGE_CURVE('',#935,#988,#477,.T.);
#1248=EDGE_CURVE('',#991,#992,#811,.T.);
#1249=EDGE_CURVE('',#992,#993,#478,.T.);
#1250=EDGE_CURVE('',#993,#994,#812,.T.);
#1251=EDGE_CURVE('',#994,#991,#479,.T.);
#1252=EDGE_CURVE('',#993,#934,#480,.T.);
#1253=EDGE_CURVE('',#931,#992,#481,.T.);
#1254=EDGE_CURVE('',#995,#996,#813,.T.);
#1255=EDGE_CURVE('',#996,#997,#482,.T.);
#1256=EDGE_CURVE('',#997,#998,#814,.T.);
#1257=EDGE_CURVE('',#998,#995,#483,.T.);
#1258=EDGE_CURVE('',#997,#930,#484,.T.);
#1259=EDGE_CURVE('',#927,#996,#485,.T.);
#1260=EDGE_CURVE('',#925,#999,#815,.T.);
#1261=EDGE_CURVE('',#999,#1000,#486,.T.);
#1262=EDGE_CURVE('',#1000,#926,#816,.T.);
#1263=EDGE_CURVE('',#1000,#966,#487,.T.);
#1264=EDGE_CURVE('',#963,#999,#488,.T.);
#1265=EDGE_CURVE('',#883,#1001,#817,.T.);
#1266=EDGE_CURVE('',#1001,#1002,#489,.T.);
#1267=EDGE_CURVE('',#1002,#884,#818,.T.);
#1268=EDGE_CURVE('',#1002,#970,#490,.T.);
#1269=EDGE_CURVE('',#967,#1001,#491,.T.);
#1270=EDGE_CURVE('',#877,#1003,#819,.T.);
#1271=EDGE_CURVE('',#1003,#1004,#492,.T.);
#1272=EDGE_CURVE('',#1004,#878,#820,.T.);
#1273=EDGE_CURVE('',#1004,#974,#493,.T.);
#1274=EDGE_CURVE('',#971,#1003,#494,.T.);
#1275=EDGE_CURVE('',#919,#1005,#821,.T.);
#1276=EDGE_CURVE('',#1005,#1006,#495,.T.);
#1277=EDGE_CURVE('',#1006,#920,#822,.T.);
#1278=EDGE_CURVE('',#1006,#986,#496,.T.);
#1279=EDGE_CURVE('',#983,#1005,#497,.T.);
#1280=EDGE_CURVE('',#901,#1007,#823,.T.);
#1281=EDGE_CURVE('',#1007,#1008,#498,.T.);
#1282=EDGE_CURVE('',#1008,#902,#824,.T.);
#1283=EDGE_CURVE('',#1008,#982,#499,.T.);
#1284=EDGE_CURVE('',#979,#1007,#500,.T.);
#1285=EDGE_CURVE('',#889,#1009,#825,.T.);
#1286=EDGE_CURVE('',#1009,#1010,#501,.T.);
#1287=EDGE_CURVE('',#1010,#890,#826,.T.);
#1288=EDGE_CURVE('',#1010,#978,#502,.T.);
#1289=EDGE_CURVE('',#975,#1009,#503,.T.);
#1290=EDGE_CURVE('',#895,#1011,#827,.T.);
#1291=EDGE_CURVE('',#1011,#1012,#504,.T.);
#1292=EDGE_CURVE('',#1012,#896,#828,.T.);
#1293=EDGE_CURVE('',#1012,#998,#505,.T.);
#1294=EDGE_CURVE('',#995,#1011,#506,.T.);
#1295=EDGE_CURVE('',#907,#1013,#829,.T.);
#1296=EDGE_CURVE('',#1013,#1014,#507,.T.);
#1297=EDGE_CURVE('',#1014,#908,#830,.T.);
#1298=EDGE_CURVE('',#1014,#994,#508,.T.);
#1299=EDGE_CURVE('',#991,#1013,#509,.T.);
#1300=EDGE_CURVE('',#913,#1015,#831,.T.);
#1301=EDGE_CURVE('',#1015,#1016,#510,.T.);
#1302=EDGE_CURVE('',#1016,#914,#832,.T.);
#1303=EDGE_CURVE('',#1016,#990,#511,.T.);
#1304=EDGE_CURVE('',#987,#1015,#512,.T.);
#1305=EDGE_CURVE('',#1017,#1018,#833,.T.);
#1306=EDGE_CURVE('',#1018,#1019,#513,.T.);
#1307=EDGE_CURVE('',#1019,#1020,#834,.T.);
#1308=EDGE_CURVE('',#1020,#1017,#514,.T.);
#1309=EDGE_CURVE('',#1021,#1020,#515,.T.);
#1310=EDGE_CURVE('',#1022,#1021,#516,.T.);
#1311=EDGE_CURVE('',#1017,#1022,#517,.T.);
#1312=EDGE_CURVE('',#1019,#1023,#518,.T.);
#1313=EDGE_CURVE('',#1024,#1023,#835,.T.);
#1314=EDGE_CURVE('',#1024,#1025,#519,.T.);
#1315=EDGE_CURVE('',#1026,#1025,#836,.T.);
#1316=EDGE_CURVE('',#1026,#1027,#520,.T.);
#1317=EDGE_CURVE('',#1021,#1027,#837,.T.);
#1318=EDGE_CURVE('',#1028,#1029,#521,.T.);
#1319=EDGE_CURVE('',#1029,#1030,#522,.T.);
#1320=EDGE_CURVE('',#1030,#1031,#523,.T.);
#1321=EDGE_CURVE('',#1031,#1028,#524,.T.);
#1322=EDGE_CURVE('',#1032,#1022,#838,.T.);
#1323=EDGE_CURVE('',#1027,#1032,#525,.T.);
#1324=EDGE_CURVE('',#1033,#1026,#526,.T.);
#1325=EDGE_CURVE('',#1032,#1033,#527,.T.);
#1326=EDGE_CURVE('',#1034,#1033,#839,.T.);
#1327=EDGE_CURVE('',#1025,#1034,#528,.T.);
#1328=EDGE_CURVE('',#1035,#1024,#529,.T.);
#1329=EDGE_CURVE('',#1034,#1035,#530,.T.);
#1330=EDGE_CURVE('',#1036,#1035,#840,.T.);
#1331=EDGE_CURVE('',#1023,#1036,#531,.T.);
#1332=EDGE_CURVE('',#1037,#1038,#532,.T.);
#1333=EDGE_CURVE('',#1037,#1029,#533,.T.);
#1334=EDGE_CURVE('',#1038,#1028,#534,.T.);
#1335=EDGE_CURVE('',#1039,#1037,#535,.T.);
#1336=EDGE_CURVE('',#1039,#1030,#536,.T.);
#1337=EDGE_CURVE('',#1040,#1039,#537,.T.);
#1338=EDGE_CURVE('',#1040,#1031,#538,.T.);
#1339=EDGE_CURVE('',#1038,#1040,#539,.T.);
#1340=EDGE_CURVE('',#1036,#1018,#540,.T.);
#1341=ORIENTED_EDGE('',*,*,#1041,.F.);
#1342=ORIENTED_EDGE('',*,*,#1042,.T.);
#1343=ORIENTED_EDGE('',*,*,#1043,.F.);
#1344=ORIENTED_EDGE('',*,*,#1042,.F.);
#1345=ORIENTED_EDGE('',*,*,#1044,.F.);
#1346=ORIENTED_EDGE('',*,*,#1045,.T.);
#1347=ORIENTED_EDGE('',*,*,#1046,.F.);
#1348=ORIENTED_EDGE('',*,*,#1045,.F.);
#1349=ORIENTED_EDGE('',*,*,#1047,.F.);
#1350=ORIENTED_EDGE('',*,*,#1048,.T.);
#1351=ORIENTED_EDGE('',*,*,#1049,.F.);
#1352=ORIENTED_EDGE('',*,*,#1048,.F.);
#1353=ORIENTED_EDGE('',*,*,#1050,.F.);
#1354=ORIENTED_EDGE('',*,*,#1051,.T.);
#1355=ORIENTED_EDGE('',*,*,#1052,.F.);
#1356=ORIENTED_EDGE('',*,*,#1051,.F.);
#1357=ORIENTED_EDGE('',*,*,#1053,.F.);
#1358=ORIENTED_EDGE('',*,*,#1054,.T.);
#1359=ORIENTED_EDGE('',*,*,#1055,.F.);
#1360=ORIENTED_EDGE('',*,*,#1056,.F.);
#1361=ORIENTED_EDGE('',*,*,#1057,.F.);
#1362=ORIENTED_EDGE('',*,*,#1058,.T.);
#1363=ORIENTED_EDGE('',*,*,#1059,.F.);
#1364=ORIENTED_EDGE('',*,*,#1054,.F.);
#1365=ORIENTED_EDGE('',*,*,#1060,.F.);
#1366=ORIENTED_EDGE('',*,*,#1061,.T.);
#1367=ORIENTED_EDGE('',*,*,#1062,.F.);
#1368=ORIENTED_EDGE('',*,*,#1058,.F.);
#1369=ORIENTED_EDGE('',*,*,#1063,.F.);
#1370=ORIENTED_EDGE('',*,*,#1056,.T.);
#1371=ORIENTED_EDGE('',*,*,#1064,.F.);
#1372=ORIENTED_EDGE('',*,*,#1061,.F.);
#1373=ORIENTED_EDGE('',*,*,#1065,.T.);
#1374=ORIENTED_EDGE('',*,*,#1066,.T.);
#1375=ORIENTED_EDGE('',*,*,#1067,.T.);
#1376=ORIENTED_EDGE('',*,*,#1068,.T.);
#1377=ORIENTED_EDGE('',*,*,#1066,.F.);
#1378=ORIENTED_EDGE('',*,*,#1069,.F.);
#1379=ORIENTED_EDGE('',*,*,#1070,.F.);
#1380=ORIENTED_EDGE('',*,*,#1071,.F.);
#1381=ORIENTED_EDGE('',*,*,#1072,.T.);
#1382=ORIENTED_EDGE('',*,*,#1073,.T.);
#1383=ORIENTED_EDGE('',*,*,#1074,.T.);
#1384=ORIENTED_EDGE('',*,*,#1070,.T.);
#1385=ORIENTED_EDGE('',*,*,#1073,.F.);
#1386=ORIENTED_EDGE('',*,*,#1075,.F.);
#1387=ORIENTED_EDGE('',*,*,#1076,.F.);
#1388=ORIENTED_EDGE('',*,*,#1077,.F.);
#1389=ORIENTED_EDGE('',*,*,#1078,.T.);
#1390=ORIENTED_EDGE('',*,*,#1079,.T.);
#1391=ORIENTED_EDGE('',*,*,#1080,.T.);
#1392=ORIENTED_EDGE('',*,*,#1076,.T.);
#1393=ORIENTED_EDGE('',*,*,#1079,.F.);
#1394=ORIENTED_EDGE('',*,*,#1081,.F.);
#1395=ORIENTED_EDGE('',*,*,#1082,.F.);
#1396=ORIENTED_EDGE('',*,*,#1083,.F.);
#1397=ORIENTED_EDGE('',*,*,#1084,.T.);
#1398=ORIENTED_EDGE('',*,*,#1085,.T.);
#1399=ORIENTED_EDGE('',*,*,#1086,.T.);
#1400=ORIENTED_EDGE('',*,*,#1082,.T.);
#1401=ORIENTED_EDGE('',*,*,#1068,.F.);
#1402=ORIENTED_EDGE('',*,*,#1087,.F.);
#1403=ORIENTED_EDGE('',*,*,#1085,.F.);
#1404=ORIENTED_EDGE('',*,*,#1088,.F.);
#1405=ORIENTED_EDGE('',*,*,#1089,.T.);
#1406=ORIENTED_EDGE('',*,*,#1090,.T.);
#1407=ORIENTED_EDGE('',*,*,#1091,.T.);
#1408=ORIENTED_EDGE('',*,*,#1092,.T.);
#1409=ORIENTED_EDGE('',*,*,#1090,.F.);
#1410=ORIENTED_EDGE('',*,*,#1093,.F.);
#1411=ORIENTED_EDGE('',*,*,#1094,.F.);
#1412=ORIENTED_EDGE('',*,*,#1095,.F.);
#1413=ORIENTED_EDGE('',*,*,#1096,.T.);
#1414=ORIENTED_EDGE('',*,*,#1097,.T.);
#1415=ORIENTED_EDGE('',*,*,#1098,.T.);
#1416=ORIENTED_EDGE('',*,*,#1099,.T.);
#1417=ORIENTED_EDGE('',*,*,#1097,.F.);
#1418=ORIENTED_EDGE('',*,*,#1100,.F.);
#1419=ORIENTED_EDGE('',*,*,#1101,.F.);
#1420=ORIENTED_EDGE('',*,*,#1102,.F.);
#1421=ORIENTED_EDGE('',*,*,#1103,.T.);
#1422=ORIENTED_EDGE('',*,*,#1104,.T.);
#1423=ORIENTED_EDGE('',*,*,#1105,.T.);
#1424=ORIENTED_EDGE('',*,*,#1106,.T.);
#1425=ORIENTED_EDGE('',*,*,#1104,.F.);
#1426=ORIENTED_EDGE('',*,*,#1107,.F.);
#1427=ORIENTED_EDGE('',*,*,#1108,.F.);
#1428=ORIENTED_EDGE('',*,*,#1109,.F.);
#1429=ORIENTED_EDGE('',*,*,#1110,.T.);
#1430=ORIENTED_EDGE('',*,*,#1111,.T.);
#1431=ORIENTED_EDGE('',*,*,#1112,.T.);
#1432=ORIENTED_EDGE('',*,*,#1113,.T.);
#1433=ORIENTED_EDGE('',*,*,#1111,.F.);
#1434=ORIENTED_EDGE('',*,*,#1114,.F.);
#1435=ORIENTED_EDGE('',*,*,#1115,.F.);
#1436=ORIENTED_EDGE('',*,*,#1116,.F.);
#1437=ORIENTED_EDGE('',*,*,#1117,.T.);
#1438=ORIENTED_EDGE('',*,*,#1118,.T.);
#1439=ORIENTED_EDGE('',*,*,#1119,.T.);
#1440=ORIENTED_EDGE('',*,*,#1120,.T.);
#1441=ORIENTED_EDGE('',*,*,#1118,.F.);
#1442=ORIENTED_EDGE('',*,*,#1121,.F.);
#1443=ORIENTED_EDGE('',*,*,#1122,.F.);
#1444=ORIENTED_EDGE('',*,*,#1123,.F.);
#1445=ORIENTED_EDGE('',*,*,#1124,.T.);
#1446=ORIENTED_EDGE('',*,*,#1125,.T.);
#1447=ORIENTED_EDGE('',*,*,#1126,.T.);
#1448=ORIENTED_EDGE('',*,*,#1127,.T.);
#1449=ORIENTED_EDGE('',*,*,#1125,.F.);
#1450=ORIENTED_EDGE('',*,*,#1128,.F.);
#1451=ORIENTED_EDGE('',*,*,#1129,.F.);
#1452=ORIENTED_EDGE('',*,*,#1130,.F.);
#1453=ORIENTED_EDGE('',*,*,#1131,.T.);
#1454=ORIENTED_EDGE('',*,*,#1132,.T.);
#1455=ORIENTED_EDGE('',*,*,#1133,.T.);
#1456=ORIENTED_EDGE('',*,*,#1134,.T.);
#1457=ORIENTED_EDGE('',*,*,#1132,.F.);
#1458=ORIENTED_EDGE('',*,*,#1135,.F.);
#1459=ORIENTED_EDGE('',*,*,#1136,.F.);
#1460=ORIENTED_EDGE('',*,*,#1137,.F.);
#1461=ORIENTED_EDGE('',*,*,#1138,.T.);
#1462=ORIENTED_EDGE('',*,*,#1139,.T.);
#1463=ORIENTED_EDGE('',*,*,#1140,.T.);
#1464=ORIENTED_EDGE('',*,*,#1141,.T.);
#1465=ORIENTED_EDGE('',*,*,#1139,.F.);
#1466=ORIENTED_EDGE('',*,*,#1142,.F.);
#1467=ORIENTED_EDGE('',*,*,#1143,.F.);
#1468=ORIENTED_EDGE('',*,*,#1144,.F.);
#1469=ORIENTED_EDGE('',*,*,#1145,.T.);
#1470=ORIENTED_EDGE('',*,*,#1146,.T.);
#1471=ORIENTED_EDGE('',*,*,#1147,.T.);
#1472=ORIENTED_EDGE('',*,*,#1148,.T.);
#1473=ORIENTED_EDGE('',*,*,#1146,.F.);
#1474=ORIENTED_EDGE('',*,*,#1149,.F.);
#1475=ORIENTED_EDGE('',*,*,#1150,.F.);
#1476=ORIENTED_EDGE('',*,*,#1151,.F.);
#1477=ORIENTED_EDGE('',*,*,#1152,.T.);
#1478=ORIENTED_EDGE('',*,*,#1153,.T.);
#1479=ORIENTED_EDGE('',*,*,#1154,.T.);
#1480=ORIENTED_EDGE('',*,*,#1155,.T.);
#1481=ORIENTED_EDGE('',*,*,#1113,.F.);
#1482=ORIENTED_EDGE('',*,*,#1156,.F.);
#1483=ORIENTED_EDGE('',*,*,#1153,.F.);
#1484=ORIENTED_EDGE('',*,*,#1157,.F.);
#1485=ORIENTED_EDGE('',*,*,#1158,.T.);
#1486=ORIENTED_EDGE('',*,*,#1159,.T.);
#1487=ORIENTED_EDGE('',*,*,#1160,.T.);
#1488=ORIENTED_EDGE('',*,*,#1161,.T.);
#1489=ORIENTED_EDGE('',*,*,#1127,.F.);
#1490=ORIENTED_EDGE('',*,*,#1162,.F.);
#1491=ORIENTED_EDGE('',*,*,#1159,.F.);
#1492=ORIENTED_EDGE('',*,*,#1163,.F.);
#1493=ORIENTED_EDGE('',*,*,#1164,.T.);
#1494=ORIENTED_EDGE('',*,*,#1165,.T.);
#1495=ORIENTED_EDGE('',*,*,#1166,.T.);
#1496=ORIENTED_EDGE('',*,*,#1167,.T.);
#1497=ORIENTED_EDGE('',*,*,#1134,.F.);
#1498=ORIENTED_EDGE('',*,*,#1168,.F.);
#1499=ORIENTED_EDGE('',*,*,#1165,.F.);
#1500=ORIENTED_EDGE('',*,*,#1169,.F.);
#1501=ORIENTED_EDGE('',*,*,#1170,.T.);
#1502=ORIENTED_EDGE('',*,*,#1171,.T.);
#1503=ORIENTED_EDGE('',*,*,#1172,.T.);
#1504=ORIENTED_EDGE('',*,*,#1173,.T.);
#1505=ORIENTED_EDGE('',*,*,#1099,.F.);
#1506=ORIENTED_EDGE('',*,*,#1174,.F.);
#1507=ORIENTED_EDGE('',*,*,#1171,.F.);
#1508=ORIENTED_EDGE('',*,*,#1175,.F.);
#1509=ORIENTED_EDGE('',*,*,#1176,.T.);
#1510=ORIENTED_EDGE('',*,*,#1177,.T.);
#1511=ORIENTED_EDGE('',*,*,#1178,.T.);
#1512=ORIENTED_EDGE('',*,*,#1179,.T.);
#1513=ORIENTED_EDGE('',*,*,#1092,.F.);
#1514=ORIENTED_EDGE('',*,*,#1180,.F.);
#1515=ORIENTED_EDGE('',*,*,#1177,.F.);
#1516=ORIENTED_EDGE('',*,*,#1181,.F.);
#1517=ORIENTED_EDGE('',*,*,#1182,.T.);
#1518=ORIENTED_EDGE('',*,*,#1183,.T.);
#1519=ORIENTED_EDGE('',*,*,#1184,.T.);
#1520=ORIENTED_EDGE('',*,*,#1185,.T.);
#1521=ORIENTED_EDGE('',*,*,#1106,.F.);
#1522=ORIENTED_EDGE('',*,*,#1186,.F.);
#1523=ORIENTED_EDGE('',*,*,#1183,.F.);
#1524=ORIENTED_EDGE('',*,*,#1187,.F.);
#1525=ORIENTED_EDGE('',*,*,#1188,.T.);
#1526=ORIENTED_EDGE('',*,*,#1189,.T.);
#1527=ORIENTED_EDGE('',*,*,#1190,.T.);
#1528=ORIENTED_EDGE('',*,*,#1191,.T.);
#1529=ORIENTED_EDGE('',*,*,#1120,.F.);
#1530=ORIENTED_EDGE('',*,*,#1192,.F.);
#1531=ORIENTED_EDGE('',*,*,#1189,.F.);
#1532=ORIENTED_EDGE('',*,*,#1193,.F.);
#1533=ORIENTED_EDGE('',*,*,#1194,.T.);
#1534=ORIENTED_EDGE('',*,*,#1195,.T.);
#1535=ORIENTED_EDGE('',*,*,#1196,.T.);
#1536=ORIENTED_EDGE('',*,*,#1197,.T.);
#1537=ORIENTED_EDGE('',*,*,#1141,.F.);
#1538=ORIENTED_EDGE('',*,*,#1198,.F.);
#1539=ORIENTED_EDGE('',*,*,#1195,.F.);
#1540=ORIENTED_EDGE('',*,*,#1199,.F.);
#1541=ORIENTED_EDGE('',*,*,#1200,.T.);
#1542=ORIENTED_EDGE('',*,*,#1201,.T.);
#1543=ORIENTED_EDGE('',*,*,#1202,.T.);
#1544=ORIENTED_EDGE('',*,*,#1203,.T.);
#1545=ORIENTED_EDGE('',*,*,#1148,.F.);
#1546=ORIENTED_EDGE('',*,*,#1204,.F.);
#1547=ORIENTED_EDGE('',*,*,#1201,.F.);
#1548=ORIENTED_EDGE('',*,*,#1205,.F.);
#1549=ORIENTED_EDGE('',*,*,#1206,.T.);
#1550=ORIENTED_EDGE('',*,*,#1207,.T.);
#1551=ORIENTED_EDGE('',*,*,#1208,.T.);
#1552=ORIENTED_EDGE('',*,*,#1209,.T.);
#1553=ORIENTED_EDGE('',*,*,#1203,.F.);
#1554=ORIENTED_EDGE('',*,*,#1210,.F.);
#1555=ORIENTED_EDGE('',*,*,#1207,.F.);
#1556=ORIENTED_EDGE('',*,*,#1211,.F.);
#1557=ORIENTED_EDGE('',*,*,#1212,.T.);
#1558=ORIENTED_EDGE('',*,*,#1213,.T.);
#1559=ORIENTED_EDGE('',*,*,#1214,.T.);
#1560=ORIENTED_EDGE('',*,*,#1215,.T.);
#1561=ORIENTED_EDGE('',*,*,#1173,.F.);
#1562=ORIENTED_EDGE('',*,*,#1216,.F.);
#1563=ORIENTED_EDGE('',*,*,#1213,.F.);
#1564=ORIENTED_EDGE('',*,*,#1217,.F.);
#1565=ORIENTED_EDGE('',*,*,#1218,.T.);
#1566=ORIENTED_EDGE('',*,*,#1219,.T.);
#1567=ORIENTED_EDGE('',*,*,#1220,.T.);
#1568=ORIENTED_EDGE('',*,*,#1221,.T.);
#1569=ORIENTED_EDGE('',*,*,#1179,.F.);
#1570=ORIENTED_EDGE('',*,*,#1222,.F.);
#1571=ORIENTED_EDGE('',*,*,#1219,.F.);
#1572=ORIENTED_EDGE('',*,*,#1223,.F.);
#1573=ORIENTED_EDGE('',*,*,#1224,.T.);
#1574=ORIENTED_EDGE('',*,*,#1225,.T.);
#1575=ORIENTED_EDGE('',*,*,#1226,.T.);
#1576=ORIENTED_EDGE('',*,*,#1227,.T.);
#1577=ORIENTED_EDGE('',*,*,#1185,.F.);
#1578=ORIENTED_EDGE('',*,*,#1228,.F.);
#1579=ORIENTED_EDGE('',*,*,#1225,.F.);
#1580=ORIENTED_EDGE('',*,*,#1229,.F.);
#1581=ORIENTED_EDGE('',*,*,#1230,.T.);
#1582=ORIENTED_EDGE('',*,*,#1231,.T.);
#1583=ORIENTED_EDGE('',*,*,#1232,.T.);
#1584=ORIENTED_EDGE('',*,*,#1233,.T.);
#1585=ORIENTED_EDGE('',*,*,#1191,.F.);
#1586=ORIENTED_EDGE('',*,*,#1234,.F.);
#1587=ORIENTED_EDGE('',*,*,#1231,.F.);
#1588=ORIENTED_EDGE('',*,*,#1235,.F.);
#1589=ORIENTED_EDGE('',*,*,#1236,.T.);
#1590=ORIENTED_EDGE('',*,*,#1237,.T.);
#1591=ORIENTED_EDGE('',*,*,#1238,.T.);
#1592=ORIENTED_EDGE('',*,*,#1239,.T.);
#1593=ORIENTED_EDGE('',*,*,#1197,.F.);
#1594=ORIENTED_EDGE('',*,*,#1240,.F.);
#1595=ORIENTED_EDGE('',*,*,#1237,.F.);
#1596=ORIENTED_EDGE('',*,*,#1241,.F.);
#1597=ORIENTED_EDGE('',*,*,#1242,.T.);
#1598=ORIENTED_EDGE('',*,*,#1243,.T.);
#1599=ORIENTED_EDGE('',*,*,#1244,.T.);
#1600=ORIENTED_EDGE('',*,*,#1245,.T.);
#1601=ORIENTED_EDGE('',*,*,#1167,.F.);
#1602=ORIENTED_EDGE('',*,*,#1246,.F.);
#1603=ORIENTED_EDGE('',*,*,#1243,.F.);
#1604=ORIENTED_EDGE('',*,*,#1247,.F.);
#1605=ORIENTED_EDGE('',*,*,#1248,.T.);
#1606=ORIENTED_EDGE('',*,*,#1249,.T.);
#1607=ORIENTED_EDGE('',*,*,#1250,.T.);
#1608=ORIENTED_EDGE('',*,*,#1251,.T.);
#1609=ORIENTED_EDGE('',*,*,#1161,.F.);
#1610=ORIENTED_EDGE('',*,*,#1252,.F.);
#1611=ORIENTED_EDGE('',*,*,#1249,.F.);
#1612=ORIENTED_EDGE('',*,*,#1253,.F.);
#1613=ORIENTED_EDGE('',*,*,#1254,.T.);
#1614=ORIENTED_EDGE('',*,*,#1255,.T.);
#1615=ORIENTED_EDGE('',*,*,#1256,.T.);
#1616=ORIENTED_EDGE('',*,*,#1257,.T.);
#1617=ORIENTED_EDGE('',*,*,#1155,.F.);
#1618=ORIENTED_EDGE('',*,*,#1258,.F.);
#1619=ORIENTED_EDGE('',*,*,#1255,.F.);
#1620=ORIENTED_EDGE('',*,*,#1259,.F.);
#1621=ORIENTED_EDGE('',*,*,#1260,.T.);
#1622=ORIENTED_EDGE('',*,*,#1261,.T.);
#1623=ORIENTED_EDGE('',*,*,#1262,.T.);
#1624=ORIENTED_EDGE('',*,*,#1150,.T.);
#1625=ORIENTED_EDGE('',*,*,#1209,.F.);
#1626=ORIENTED_EDGE('',*,*,#1263,.F.);
#1627=ORIENTED_EDGE('',*,*,#1261,.F.);
#1628=ORIENTED_EDGE('',*,*,#1264,.F.);
#1629=ORIENTED_EDGE('',*,*,#1265,.T.);
#1630=ORIENTED_EDGE('',*,*,#1266,.T.);
#1631=ORIENTED_EDGE('',*,*,#1267,.T.);
#1632=ORIENTED_EDGE('',*,*,#1101,.T.);
#1633=ORIENTED_EDGE('',*,*,#1215,.F.);
#1634=ORIENTED_EDGE('',*,*,#1268,.F.);
#1635=ORIENTED_EDGE('',*,*,#1266,.F.);
#1636=ORIENTED_EDGE('',*,*,#1269,.F.);
#1637=ORIENTED_EDGE('',*,*,#1270,.T.);
#1638=ORIENTED_EDGE('',*,*,#1271,.T.);
#1639=ORIENTED_EDGE('',*,*,#1272,.T.);
#1640=ORIENTED_EDGE('',*,*,#1094,.T.);
#1641=ORIENTED_EDGE('',*,*,#1221,.F.);
#1642=ORIENTED_EDGE('',*,*,#1273,.F.);
#1643=ORIENTED_EDGE('',*,*,#1271,.F.);
#1644=ORIENTED_EDGE('',*,*,#1274,.F.);
#1645=ORIENTED_EDGE('',*,*,#1275,.T.);
#1646=ORIENTED_EDGE('',*,*,#1276,.T.);
#1647=ORIENTED_EDGE('',*,*,#1277,.T.);
#1648=ORIENTED_EDGE('',*,*,#1143,.T.);
#1649=ORIENTED_EDGE('',*,*,#1239,.F.);
#1650=ORIENTED_EDGE('',*,*,#1278,.F.);
#1651=ORIENTED_EDGE('',*,*,#1276,.F.);
#1652=ORIENTED_EDGE('',*,*,#1279,.F.);
#1653=ORIENTED_EDGE('',*,*,#1280,.T.);
#1654=ORIENTED_EDGE('',*,*,#1281,.T.);
#1655=ORIENTED_EDGE('',*,*,#1282,.T.);
#1656=ORIENTED_EDGE('',*,*,#1122,.T.);
#1657=ORIENTED_EDGE('',*,*,#1233,.F.);
#1658=ORIENTED_EDGE('',*,*,#1283,.F.);
#1659=ORIENTED_EDGE('',*,*,#1281,.F.);
#1660=ORIENTED_EDGE('',*,*,#1284,.F.);
#1661=ORIENTED_EDGE('',*,*,#1285,.T.);
#1662=ORIENTED_EDGE('',*,*,#1286,.T.);
#1663=ORIENTED_EDGE('',*,*,#1287,.T.);
#1664=ORIENTED_EDGE('',*,*,#1108,.T.);
#1665=ORIENTED_EDGE('',*,*,#1227,.F.);
#1666=ORIENTED_EDGE('',*,*,#1288,.F.);
#1667=ORIENTED_EDGE('',*,*,#1286,.F.);
#1668=ORIENTED_EDGE('',*,*,#1289,.F.);
#1669=ORIENTED_EDGE('',*,*,#1290,.T.);
#1670=ORIENTED_EDGE('',*,*,#1291,.T.);
#1671=ORIENTED_EDGE('',*,*,#1292,.T.);
#1672=ORIENTED_EDGE('',*,*,#1115,.T.);
#1673=ORIENTED_EDGE('',*,*,#1257,.F.);
#1674=ORIENTED_EDGE('',*,*,#1293,.F.);
#1675=ORIENTED_EDGE('',*,*,#1291,.F.);
#1676=ORIENTED_EDGE('',*,*,#1294,.F.);
#1677=ORIENTED_EDGE('',*,*,#1295,.T.);
#1678=ORIENTED_EDGE('',*,*,#1296,.T.);
#1679=ORIENTED_EDGE('',*,*,#1297,.T.);
#1680=ORIENTED_EDGE('',*,*,#1129,.T.);
#1681=ORIENTED_EDGE('',*,*,#1251,.F.);
#1682=ORIENTED_EDGE('',*,*,#1298,.F.);
#1683=ORIENTED_EDGE('',*,*,#1296,.F.);
#1684=ORIENTED_EDGE('',*,*,#1299,.F.);
#1685=ORIENTED_EDGE('',*,*,#1300,.T.);
#1686=ORIENTED_EDGE('',*,*,#1301,.T.);
#1687=ORIENTED_EDGE('',*,*,#1302,.T.);
#1688=ORIENTED_EDGE('',*,*,#1136,.T.);
#1689=ORIENTED_EDGE('',*,*,#1245,.F.);
#1690=ORIENTED_EDGE('',*,*,#1303,.F.);
#1691=ORIENTED_EDGE('',*,*,#1301,.F.);
#1692=ORIENTED_EDGE('',*,*,#1304,.F.);
#1693=ORIENTED_EDGE('',*,*,#1305,.T.);
#1694=ORIENTED_EDGE('',*,*,#1306,.T.);
#1695=ORIENTED_EDGE('',*,*,#1307,.T.);
#1696=ORIENTED_EDGE('',*,*,#1308,.T.);
#1697=ORIENTED_EDGE('',*,*,#1308,.F.);
#1698=ORIENTED_EDGE('',*,*,#1309,.F.);
#1699=ORIENTED_EDGE('',*,*,#1310,.F.);
#1700=ORIENTED_EDGE('',*,*,#1311,.F.);
#1701=ORIENTED_EDGE('',*,*,#1307,.F.);
#1702=ORIENTED_EDGE('',*,*,#1312,.T.);
#1703=ORIENTED_EDGE('',*,*,#1313,.F.);
#1704=ORIENTED_EDGE('',*,*,#1314,.T.);
#1705=ORIENTED_EDGE('',*,*,#1315,.F.);
#1706=ORIENTED_EDGE('',*,*,#1316,.T.);
#1707=ORIENTED_EDGE('',*,*,#1317,.F.);
#1708=ORIENTED_EDGE('',*,*,#1309,.T.);
#1709=ORIENTED_EDGE('',*,*,#1055,.T.);
#1710=ORIENTED_EDGE('',*,*,#1059,.T.);
#1711=ORIENTED_EDGE('',*,*,#1062,.T.);
#1712=ORIENTED_EDGE('',*,*,#1064,.T.);
#1713=ORIENTED_EDGE('',*,*,#1318,.T.);
#1714=ORIENTED_EDGE('',*,*,#1319,.T.);
#1715=ORIENTED_EDGE('',*,*,#1320,.T.);
#1716=ORIENTED_EDGE('',*,*,#1321,.T.);
#1717=ORIENTED_EDGE('',*,*,#1258,.T.);
#1718=ORIENTED_EDGE('',*,*,#1154,.F.);
#1719=ORIENTED_EDGE('',*,*,#1156,.T.);
#1720=ORIENTED_EDGE('',*,*,#1112,.F.);
#1721=ORIENTED_EDGE('',*,*,#1116,.T.);
#1722=ORIENTED_EDGE('',*,*,#1292,.F.);
#1723=ORIENTED_EDGE('',*,*,#1293,.T.);
#1724=ORIENTED_EDGE('',*,*,#1256,.F.);
#1725=ORIENTED_EDGE('',*,*,#1234,.T.);
#1726=ORIENTED_EDGE('',*,*,#1190,.F.);
#1727=ORIENTED_EDGE('',*,*,#1192,.T.);
#1728=ORIENTED_EDGE('',*,*,#1119,.F.);
#1729=ORIENTED_EDGE('',*,*,#1123,.T.);
#1730=ORIENTED_EDGE('',*,*,#1282,.F.);
#1731=ORIENTED_EDGE('',*,*,#1283,.T.);
#1732=ORIENTED_EDGE('',*,*,#1232,.F.);
#1733=ORIENTED_EDGE('',*,*,#1210,.T.);
#1734=ORIENTED_EDGE('',*,*,#1202,.F.);
#1735=ORIENTED_EDGE('',*,*,#1204,.T.);
#1736=ORIENTED_EDGE('',*,*,#1147,.F.);
#1737=ORIENTED_EDGE('',*,*,#1151,.T.);
#1738=ORIENTED_EDGE('',*,*,#1262,.F.);
#1739=ORIENTED_EDGE('',*,*,#1263,.T.);
#1740=ORIENTED_EDGE('',*,*,#1208,.F.);
#1741=ORIENTED_EDGE('',*,*,#1252,.T.);
#1742=ORIENTED_EDGE('',*,*,#1160,.F.);
#1743=ORIENTED_EDGE('',*,*,#1162,.T.);
#1744=ORIENTED_EDGE('',*,*,#1126,.F.);
#1745=ORIENTED_EDGE('',*,*,#1130,.T.);
#1746=ORIENTED_EDGE('',*,*,#1297,.F.);
#1747=ORIENTED_EDGE('',*,*,#1298,.T.);
#1748=ORIENTED_EDGE('',*,*,#1250,.F.);
#1749=ORIENTED_EDGE('',*,*,#1228,.T.);
#1750=ORIENTED_EDGE('',*,*,#1184,.F.);
#1751=ORIENTED_EDGE('',*,*,#1186,.T.);
#1752=ORIENTED_EDGE('',*,*,#1105,.F.);
#1753=ORIENTED_EDGE('',*,*,#1109,.T.);
#1754=ORIENTED_EDGE('',*,*,#1287,.F.);
#1755=ORIENTED_EDGE('',*,*,#1288,.T.);
#1756=ORIENTED_EDGE('',*,*,#1226,.F.);
#1757=ORIENTED_EDGE('',*,*,#1216,.T.);
#1758=ORIENTED_EDGE('',*,*,#1172,.F.);
#1759=ORIENTED_EDGE('',*,*,#1174,.T.);
#1760=ORIENTED_EDGE('',*,*,#1098,.F.);
#1761=ORIENTED_EDGE('',*,*,#1102,.T.);
#1762=ORIENTED_EDGE('',*,*,#1267,.F.);
#1763=ORIENTED_EDGE('',*,*,#1268,.T.);
#1764=ORIENTED_EDGE('',*,*,#1214,.F.);
#1765=ORIENTED_EDGE('',*,*,#1240,.T.);
#1766=ORIENTED_EDGE('',*,*,#1196,.F.);
#1767=ORIENTED_EDGE('',*,*,#1198,.T.);
#1768=ORIENTED_EDGE('',*,*,#1140,.F.);
#1769=ORIENTED_EDGE('',*,*,#1144,.T.);
#1770=ORIENTED_EDGE('',*,*,#1277,.F.);
#1771=ORIENTED_EDGE('',*,*,#1278,.T.);
#1772=ORIENTED_EDGE('',*,*,#1238,.F.);
#1773=ORIENTED_EDGE('',*,*,#1246,.T.);
#1774=ORIENTED_EDGE('',*,*,#1166,.F.);
#1775=ORIENTED_EDGE('',*,*,#1168,.T.);
#1776=ORIENTED_EDGE('',*,*,#1133,.F.);
#1777=ORIENTED_EDGE('',*,*,#1137,.T.);
#1778=ORIENTED_EDGE('',*,*,#1302,.F.);
#1779=ORIENTED_EDGE('',*,*,#1303,.T.);
#1780=ORIENTED_EDGE('',*,*,#1244,.F.);
#1781=ORIENTED_EDGE('',*,*,#1222,.T.);
#1782=ORIENTED_EDGE('',*,*,#1178,.F.);
#1783=ORIENTED_EDGE('',*,*,#1180,.T.);
#1784=ORIENTED_EDGE('',*,*,#1091,.F.);
#1785=ORIENTED_EDGE('',*,*,#1095,.T.);
#1786=ORIENTED_EDGE('',*,*,#1272,.F.);
#1787=ORIENTED_EDGE('',*,*,#1273,.T.);
#1788=ORIENTED_EDGE('',*,*,#1220,.F.);
#1789=ORIENTED_EDGE('',*,*,#1077,.T.);
#1790=ORIENTED_EDGE('',*,*,#1080,.F.);
#1791=ORIENTED_EDGE('',*,*,#1083,.T.);
#1792=ORIENTED_EDGE('',*,*,#1086,.F.);
#1793=ORIENTED_EDGE('',*,*,#1087,.T.);
#1794=ORIENTED_EDGE('',*,*,#1067,.F.);
#1795=ORIENTED_EDGE('',*,*,#1071,.T.);
#1796=ORIENTED_EDGE('',*,*,#1074,.F.);
#1797=ORIENTED_EDGE('',*,*,#1052,.T.);
#1798=ORIENTED_EDGE('',*,*,#1049,.T.);
#1799=ORIENTED_EDGE('',*,*,#1046,.T.);
#1800=ORIENTED_EDGE('',*,*,#1043,.T.);
#1801=ORIENTED_EDGE('',*,*,#1322,.T.);
#1802=ORIENTED_EDGE('',*,*,#1310,.T.);
#1803=ORIENTED_EDGE('',*,*,#1317,.T.);
#1804=ORIENTED_EDGE('',*,*,#1323,.T.);
#1805=ORIENTED_EDGE('',*,*,#1323,.F.);
#1806=ORIENTED_EDGE('',*,*,#1316,.F.);
#1807=ORIENTED_EDGE('',*,*,#1324,.F.);
#1808=ORIENTED_EDGE('',*,*,#1325,.F.);
#1809=ORIENTED_EDGE('',*,*,#1326,.T.);
#1810=ORIENTED_EDGE('',*,*,#1324,.T.);
#1811=ORIENTED_EDGE('',*,*,#1315,.T.);
#1812=ORIENTED_EDGE('',*,*,#1327,.T.);
#1813=ORIENTED_EDGE('',*,*,#1327,.F.);
#1814=ORIENTED_EDGE('',*,*,#1314,.F.);
#1815=ORIENTED_EDGE('',*,*,#1328,.F.);
#1816=ORIENTED_EDGE('',*,*,#1329,.F.);
#1817=ORIENTED_EDGE('',*,*,#1330,.T.);
#1818=ORIENTED_EDGE('',*,*,#1328,.T.);
#1819=ORIENTED_EDGE('',*,*,#1313,.T.);
#1820=ORIENTED_EDGE('',*,*,#1331,.T.);
#1821=ORIENTED_EDGE('',*,*,#1332,.F.);
#1822=ORIENTED_EDGE('',*,*,#1333,.T.);
#1823=ORIENTED_EDGE('',*,*,#1318,.F.);
#1824=ORIENTED_EDGE('',*,*,#1334,.F.);
#1825=ORIENTED_EDGE('',*,*,#1335,.F.);
#1826=ORIENTED_EDGE('',*,*,#1336,.T.);
#1827=ORIENTED_EDGE('',*,*,#1319,.F.);
#1828=ORIENTED_EDGE('',*,*,#1333,.F.);
#1829=ORIENTED_EDGE('',*,*,#1337,.F.);
#1830=ORIENTED_EDGE('',*,*,#1338,.T.);
#1831=ORIENTED_EDGE('',*,*,#1320,.F.);
#1832=ORIENTED_EDGE('',*,*,#1336,.F.);
#1833=ORIENTED_EDGE('',*,*,#1339,.F.);
#1834=ORIENTED_EDGE('',*,*,#1334,.T.);
#1835=ORIENTED_EDGE('',*,*,#1321,.F.);
#1836=ORIENTED_EDGE('',*,*,#1338,.F.);
#1837=ORIENTED_EDGE('',*,*,#1306,.F.);
#1838=ORIENTED_EDGE('',*,*,#1340,.F.);
#1839=ORIENTED_EDGE('',*,*,#1331,.F.);
#1840=ORIENTED_EDGE('',*,*,#1312,.F.);
#1841=ORIENTED_EDGE('',*,*,#1305,.F.);
#1842=ORIENTED_EDGE('',*,*,#1311,.T.);
#1843=ORIENTED_EDGE('',*,*,#1322,.F.);
#1844=ORIENTED_EDGE('',*,*,#1325,.T.);
#1845=ORIENTED_EDGE('',*,*,#1326,.F.);
#1846=ORIENTED_EDGE('',*,*,#1329,.T.);
#1847=ORIENTED_EDGE('',*,*,#1330,.F.);
#1848=ORIENTED_EDGE('',*,*,#1340,.T.);
#1849=ORIENTED_EDGE('',*,*,#1053,.T.);
#1850=ORIENTED_EDGE('',*,*,#1063,.T.);
#1851=ORIENTED_EDGE('',*,*,#1060,.T.);
#1852=ORIENTED_EDGE('',*,*,#1057,.T.);
#1853=ORIENTED_EDGE('',*,*,#1332,.T.);
#1854=ORIENTED_EDGE('',*,*,#1339,.T.);
#1855=ORIENTED_EDGE('',*,*,#1337,.T.);
#1856=ORIENTED_EDGE('',*,*,#1335,.T.);
#1857=ORIENTED_EDGE('',*,*,#1259,.T.);
#1858=ORIENTED_EDGE('',*,*,#1254,.F.);
#1859=ORIENTED_EDGE('',*,*,#1294,.T.);
#1860=ORIENTED_EDGE('',*,*,#1290,.F.);
#1861=ORIENTED_EDGE('',*,*,#1114,.T.);
#1862=ORIENTED_EDGE('',*,*,#1110,.F.);
#1863=ORIENTED_EDGE('',*,*,#1157,.T.);
#1864=ORIENTED_EDGE('',*,*,#1152,.F.);
#1865=ORIENTED_EDGE('',*,*,#1235,.T.);
#1866=ORIENTED_EDGE('',*,*,#1230,.F.);
#1867=ORIENTED_EDGE('',*,*,#1284,.T.);
#1868=ORIENTED_EDGE('',*,*,#1280,.F.);
#1869=ORIENTED_EDGE('',*,*,#1121,.T.);
#1870=ORIENTED_EDGE('',*,*,#1117,.F.);
#1871=ORIENTED_EDGE('',*,*,#1193,.T.);
#1872=ORIENTED_EDGE('',*,*,#1188,.F.);
#1873=ORIENTED_EDGE('',*,*,#1211,.T.);
#1874=ORIENTED_EDGE('',*,*,#1206,.F.);
#1875=ORIENTED_EDGE('',*,*,#1264,.T.);
#1876=ORIENTED_EDGE('',*,*,#1260,.F.);
#1877=ORIENTED_EDGE('',*,*,#1149,.T.);
#1878=ORIENTED_EDGE('',*,*,#1145,.F.);
#1879=ORIENTED_EDGE('',*,*,#1205,.T.);
#1880=ORIENTED_EDGE('',*,*,#1200,.F.);
#1881=ORIENTED_EDGE('',*,*,#1253,.T.);
#1882=ORIENTED_EDGE('',*,*,#1248,.F.);
#1883=ORIENTED_EDGE('',*,*,#1299,.T.);
#1884=ORIENTED_EDGE('',*,*,#1295,.F.);
#1885=ORIENTED_EDGE('',*,*,#1128,.T.);
#1886=ORIENTED_EDGE('',*,*,#1124,.F.);
#1887=ORIENTED_EDGE('',*,*,#1163,.T.);
#1888=ORIENTED_EDGE('',*,*,#1158,.F.);
#1889=ORIENTED_EDGE('',*,*,#1229,.T.);
#1890=ORIENTED_EDGE('',*,*,#1224,.F.);
#1891=ORIENTED_EDGE('',*,*,#1289,.T.);
#1892=ORIENTED_EDGE('',*,*,#1285,.F.);
#1893=ORIENTED_EDGE('',*,*,#1107,.T.);
#1894=ORIENTED_EDGE('',*,*,#1103,.F.);
#1895=ORIENTED_EDGE('',*,*,#1187,.T.);
#1896=ORIENTED_EDGE('',*,*,#1182,.F.);
#1897=ORIENTED_EDGE('',*,*,#1217,.T.);
#1898=ORIENTED_EDGE('',*,*,#1212,.F.);
#1899=ORIENTED_EDGE('',*,*,#1269,.T.);
#1900=ORIENTED_EDGE('',*,*,#1265,.F.);
#1901=ORIENTED_EDGE('',*,*,#1100,.T.);
#1902=ORIENTED_EDGE('',*,*,#1096,.F.);
#1903=ORIENTED_EDGE('',*,*,#1175,.T.);
#1904=ORIENTED_EDGE('',*,*,#1170,.F.);
#1905=ORIENTED_EDGE('',*,*,#1241,.T.);
#1906=ORIENTED_EDGE('',*,*,#1236,.F.);
#1907=ORIENTED_EDGE('',*,*,#1279,.T.);
#1908=ORIENTED_EDGE('',*,*,#1275,.F.);
#1909=ORIENTED_EDGE('',*,*,#1142,.T.);
#1910=ORIENTED_EDGE('',*,*,#1138,.F.);
#1911=ORIENTED_EDGE('',*,*,#1199,.T.);
#1912=ORIENTED_EDGE('',*,*,#1194,.F.);
#1913=ORIENTED_EDGE('',*,*,#1247,.T.);
#1914=ORIENTED_EDGE('',*,*,#1242,.F.);
#1915=ORIENTED_EDGE('',*,*,#1304,.T.);
#1916=ORIENTED_EDGE('',*,*,#1300,.F.);
#1917=ORIENTED_EDGE('',*,*,#1135,.T.);
#1918=ORIENTED_EDGE('',*,*,#1131,.F.);
#1919=ORIENTED_EDGE('',*,*,#1169,.T.);
#1920=ORIENTED_EDGE('',*,*,#1164,.F.);
#1921=ORIENTED_EDGE('',*,*,#1223,.T.);
#1922=ORIENTED_EDGE('',*,*,#1218,.F.);
#1923=ORIENTED_EDGE('',*,*,#1274,.T.);
#1924=ORIENTED_EDGE('',*,*,#1270,.F.);
#1925=ORIENTED_EDGE('',*,*,#1093,.T.);
#1926=ORIENTED_EDGE('',*,*,#1089,.F.);
#1927=ORIENTED_EDGE('',*,*,#1181,.T.);
#1928=ORIENTED_EDGE('',*,*,#1176,.F.);
#1929=ORIENTED_EDGE('',*,*,#1075,.T.);
#1930=ORIENTED_EDGE('',*,*,#1072,.F.);
#1931=ORIENTED_EDGE('',*,*,#1069,.T.);
#1932=ORIENTED_EDGE('',*,*,#1065,.F.);
#1933=ORIENTED_EDGE('',*,*,#1088,.T.);
#1934=ORIENTED_EDGE('',*,*,#1084,.F.);
#1935=ORIENTED_EDGE('',*,*,#1081,.T.);
#1936=ORIENTED_EDGE('',*,*,#1078,.F.);
#1937=ORIENTED_EDGE('',*,*,#1050,.T.);
#1938=ORIENTED_EDGE('',*,*,#1047,.T.);
#1939=ORIENTED_EDGE('',*,*,#1044,.T.);
#1940=ORIENTED_EDGE('',*,*,#1041,.T.);
#1941=CYLINDRICAL_SURFACE('',#2105,1.7);
#1942=CYLINDRICAL_SURFACE('',#2108,1.7);
#1943=CYLINDRICAL_SURFACE('',#2111,1.7);
#1944=CYLINDRICAL_SURFACE('',#2114,1.7);
#1945=CYLINDRICAL_SURFACE('',#2121,1.);
#1946=CYLINDRICAL_SURFACE('',#2125,1.);
#1947=CYLINDRICAL_SURFACE('',#2129,1.);
#1948=CYLINDRICAL_SURFACE('',#2133,1.);
#1949=CYLINDRICAL_SURFACE('',#2137,1.);
#1950=CYLINDRICAL_SURFACE('',#2141,1.);
#1951=CYLINDRICAL_SURFACE('',#2145,1.);
#1952=CYLINDRICAL_SURFACE('',#2149,1.);
#1953=CYLINDRICAL_SURFACE('',#2153,1.);
#1954=CYLINDRICAL_SURFACE('',#2157,1.);
#1955=CYLINDRICAL_SURFACE('',#2161,1.);
#1956=CYLINDRICAL_SURFACE('',#2165,1.);
#1957=CYLINDRICAL_SURFACE('',#2169,1.);
#1958=CYLINDRICAL_SURFACE('',#2173,1.);
#1959=CYLINDRICAL_SURFACE('',#2177,1.);
#1960=CYLINDRICAL_SURFACE('',#2181,1.);
#1961=CYLINDRICAL_SURFACE('',#2185,1.);
#1962=CYLINDRICAL_SURFACE('',#2189,1.);
#1963=CYLINDRICAL_SURFACE('',#2193,1.);
#1964=CYLINDRICAL_SURFACE('',#2197,1.);
#1965=CYLINDRICAL_SURFACE('',#2201,1.);
#1966=CYLINDRICAL_SURFACE('',#2205,1.);
#1967=CYLINDRICAL_SURFACE('',#2209,1.);
#1968=CYLINDRICAL_SURFACE('',#2213,1.);
#1969=CYLINDRICAL_SURFACE('',#2217,1.);
#1970=CYLINDRICAL_SURFACE('',#2221,1.);
#1971=CYLINDRICAL_SURFACE('',#2225,1.);
#1972=CYLINDRICAL_SURFACE('',#2229,1.);
#1973=CYLINDRICAL_SURFACE('',#2233,1.);
#1974=CYLINDRICAL_SURFACE('',#2237,1.);
#1975=CYLINDRICAL_SURFACE('',#2241,1.);
#1976=CYLINDRICAL_SURFACE('',#2245,1.);
#1977=CYLINDRICAL_SURFACE('',#2249,1.);
#1978=CYLINDRICAL_SURFACE('',#2253,1.);
#1979=CYLINDRICAL_SURFACE('',#2257,1.);
#1980=CYLINDRICAL_SURFACE('',#2261,1.);
#1981=CYLINDRICAL_SURFACE('',#2265,1.);
#1982=CYLINDRICAL_SURFACE('',#2269,1.);
#1983=CYLINDRICAL_SURFACE('',#2273,1.);
#1984=CYLINDRICAL_SURFACE('',#2277,1.);
#1985=CYLINDRICAL_SURFACE('',#2281,5.);
#1986=CYLINDRICAL_SURFACE('',#2289,5.);
#1987=CYLINDRICAL_SURFACE('',#2292,5.);
#1988=CYLINDRICAL_SURFACE('',#2295,5.);
#1989=ADVANCED_FACE('',(#101),#1941,.F.);
#1990=ADVANCED_FACE('',(#102),#1942,.F.);
#1991=ADVANCED_FACE('',(#103),#1943,.F.);
#1992=ADVANCED_FACE('',(#104),#1944,.F.);
#1993=ADVANCED_FACE('',(#105),#47,.F.);
#1994=ADVANCED_FACE('',(#106),#48,.F.);
#1995=ADVANCED_FACE('',(#107),#49,.F.);
#1996=ADVANCED_FACE('',(#108),#50,.F.);
#1997=ADVANCED_FACE('',(#109),#1945,.F.);
#1998=ADVANCED_FACE('',(#110),#51,.F.);
#1999=ADVANCED_FACE('',(#111),#1946,.F.);
#2000=ADVANCED_FACE('',(#112),#52,.F.);
#2001=ADVANCED_FACE('',(#113),#1947,.F.);
#2002=ADVANCED_FACE('',(#114),#53,.F.);
#2003=ADVANCED_FACE('',(#115),#1948,.F.);
#2004=ADVANCED_FACE('',(#116),#54,.F.);
#2005=ADVANCED_FACE('',(#117),#1949,.F.);
#2006=ADVANCED_FACE('',(#118),#55,.F.);
#2007=ADVANCED_FACE('',(#119),#1950,.F.);
#2008=ADVANCED_FACE('',(#120),#56,.F.);
#2009=ADVANCED_FACE('',(#121),#1951,.F.);
#2010=ADVANCED_FACE('',(#122),#57,.F.);
#2011=ADVANCED_FACE('',(#123),#1952,.F.);
#2012=ADVANCED_FACE('',(#124),#58,.F.);
#2013=ADVANCED_FACE('',(#125),#1953,.F.);
#2014=ADVANCED_FACE('',(#126),#59,.F.);
#2015=ADVANCED_FACE('',(#127),#1954,.F.);
#2016=ADVANCED_FACE('',(#128),#60,.F.);
#2017=ADVANCED_FACE('',(#129),#1955,.F.);
#2018=ADVANCED_FACE('',(#130),#61,.F.);
#2019=ADVANCED_FACE('',(#131),#1956,.F.);
#2020=ADVANCED_FACE('',(#132),#62,.F.);
#2021=ADVANCED_FACE('',(#133),#1957,.F.);
#2022=ADVANCED_FACE('',(#134),#63,.F.);
#2023=ADVANCED_FACE('',(#135),#1958,.F.);
#2024=ADVANCED_FACE('',(#136),#64,.F.);
#2025=ADVANCED_FACE('',(#137),#1959,.F.);
#2026=ADVANCED_FACE('',(#138),#65,.F.);
#2027=ADVANCED_FACE('',(#139),#1960,.F.);
#2028=ADVANCED_FACE('',(#140),#66,.F.);
#2029=ADVANCED_FACE('',(#141),#1961,.F.);
#2030=ADVANCED_FACE('',(#142),#67,.F.);
#2031=ADVANCED_FACE('',(#143),#1962,.F.);
#2032=ADVANCED_FACE('',(#144),#68,.F.);
#2033=ADVANCED_FACE('',(#145),#1963,.F.);
#2034=ADVANCED_FACE('',(#146),#69,.F.);
#2035=ADVANCED_FACE('',(#147),#1964,.F.);
#2036=ADVANCED_FACE('',(#148),#70,.F.);
#2037=ADVANCED_FACE('',(#149),#1965,.F.);
#2038=ADVANCED_FACE('',(#150),#71,.F.);
#2039=ADVANCED_FACE('',(#151),#1966,.F.);
#2040=ADVANCED_FACE('',(#152),#72,.F.);
#2041=ADVANCED_FACE('',(#153),#1967,.F.);
#2042=ADVANCED_FACE('',(#154),#73,.F.);
#2043=ADVANCED_FACE('',(#155),#1968,.F.);
#2044=ADVANCED_FACE('',(#156),#74,.F.);
#2045=ADVANCED_FACE('',(#157),#1969,.F.);
#2046=ADVANCED_FACE('',(#158),#75,.F.);
#2047=ADVANCED_FACE('',(#159),#1970,.F.);
#2048=ADVANCED_FACE('',(#160),#76,.F.);
#2049=ADVANCED_FACE('',(#161),#1971,.F.);
#2050=ADVANCED_FACE('',(#162),#77,.F.);
#2051=ADVANCED_FACE('',(#163),#1972,.F.);
#2052=ADVANCED_FACE('',(#164),#78,.F.);
#2053=ADVANCED_FACE('',(#165),#1973,.F.);
#2054=ADVANCED_FACE('',(#166),#79,.F.);
#2055=ADVANCED_FACE('',(#167),#1974,.F.);
#2056=ADVANCED_FACE('',(#168),#80,.F.);
#2057=ADVANCED_FACE('',(#169),#1975,.F.);
#2058=ADVANCED_FACE('',(#170),#81,.F.);
#2059=ADVANCED_FACE('',(#171),#1976,.F.);
#2060=ADVANCED_FACE('',(#172),#82,.F.);
#2061=ADVANCED_FACE('',(#173),#1977,.F.);
#2062=ADVANCED_FACE('',(#174),#83,.F.);
#2063=ADVANCED_FACE('',(#175),#1978,.F.);
#2064=ADVANCED_FACE('',(#176),#84,.F.);
#2065=ADVANCED_FACE('',(#177),#1979,.F.);
#2066=ADVANCED_FACE('',(#178),#85,.F.);
#2067=ADVANCED_FACE('',(#179),#1980,.F.);
#2068=ADVANCED_FACE('',(#180),#86,.F.);
#2069=ADVANCED_FACE('',(#181),#1981,.F.);
#2070=ADVANCED_FACE('',(#182),#87,.F.);
#2071=ADVANCED_FACE('',(#183),#1982,.F.);
#2072=ADVANCED_FACE('',(#184),#88,.F.);
#2073=ADVANCED_FACE('',(#185),#1983,.F.);
#2074=ADVANCED_FACE('',(#186),#89,.F.);
#2075=ADVANCED_FACE('',(#187),#1984,.F.);
#2076=ADVANCED_FACE('',(#188),#90,.F.);
#2077=ADVANCED_FACE('',(#189),#1985,.T.);
#2078=ADVANCED_FACE('',(#190),#91,.T.);
#2079=ADVANCED_FACE('',(#191,#15,#16,#17,#18,#19,#20,#21,#22,#23,#24,#25,
#26,#27,#28,#29,#30),#92,.F.);
#2080=ADVANCED_FACE('',(#192),#1986,.T.);
#2081=ADVANCED_FACE('',(#193),#93,.T.);
#2082=ADVANCED_FACE('',(#194),#1987,.T.);
#2083=ADVANCED_FACE('',(#195),#94,.T.);
#2084=ADVANCED_FACE('',(#196),#1988,.T.);
#2085=ADVANCED_FACE('',(#197),#95,.F.);
#2086=ADVANCED_FACE('',(#198),#96,.F.);
#2087=ADVANCED_FACE('',(#199),#97,.F.);
#2088=ADVANCED_FACE('',(#200),#98,.F.);
#2089=ADVANCED_FACE('',(#201),#99,.T.);
#2090=ADVANCED_FACE('',(#202,#31,#32,#33,#34,#35,#36,#37,#38,#39,#40,#41,
#42,#43,#44,#45,#46),#100,.T.);
#2091=CLOSED_SHELL('',(#1989,#1990,#1991,#1992,#1993,#1994,#1995,#1996,
#1997,#1998,#1999,#2000,#2001,#2002,#2003,#2004,#2005,#2006,#2007,#2008,
#2009,#2010,#2011,#2012,#2013,#2014,#2015,#2016,#2017,#2018,#2019,#2020,
#2021,#2022,#2023,#2024,#2025,#2026,#2027,#2028,#2029,#2030,#2031,#2032,
#2033,#2034,#2035,#2036,#2037,#2038,#2039,#2040,#2041,#2042,#2043,#2044,
#2045,#2046,#2047,#2048,#2049,#2050,#2051,#2052,#2053,#2054,#2055,#2056,
#2057,#2058,#2059,#2060,#2061,#2062,#2063,#2064,#2065,#2066,#2067,#2068,
#2069,#2070,#2071,#2072,#2073,#2074,#2075,#2076,#2077,#2078,#2079,#2080,
#2081,#2082,#2083,#2084,#2085,#2086,#2087,#2088,#2089,#2090));
#2092=DERIVED_UNIT_ELEMENT(#2094,1.);
#2093=DERIVED_UNIT_ELEMENT(#3513,-3.);
#2094=(
MASS_UNIT()
NAMED_UNIT(*)
SI_UNIT(.KILO.,.GRAM.)
);
#2095=DERIVED_UNIT((#2092,#2093));
#2096=MEASURE_REPRESENTATION_ITEM('density measure',
POSITIVE_RATIO_MEASURE(7850.),#2095);
#2097=PROPERTY_DEFINITION_REPRESENTATION(#2102,#2099);
#2098=PROPERTY_DEFINITION_REPRESENTATION(#2103,#2100);
#2099=REPRESENTATION('material name',(#2101),#3510);
#2100=REPRESENTATION('density',(#2096),#3510);
#2101=DESCRIPTIVE_REPRESENTATION_ITEM('Steel','Steel');
#2102=PROPERTY_DEFINITION('material property','material name',#3520);
#2103=PROPERTY_DEFINITION('material property','density of part',#3520);
#2104=AXIS2_PLACEMENT_3D('',#2905,#2303,#2304);
#2105=AXIS2_PLACEMENT_3D('',#2906,#2305,#2306);
#2106=AXIS2_PLACEMENT_3D('',#2908,#2307,#2308);
#2107=AXIS2_PLACEMENT_3D('',#2911,#2310,#2311);
#2108=AXIS2_PLACEMENT_3D('',#2912,#2312,#2313);
#2109=AXIS2_PLACEMENT_3D('',#2914,#2314,#2315);
#2110=AXIS2_PLACEMENT_3D('',#2917,#2317,#2318);
#2111=AXIS2_PLACEMENT_3D('',#2918,#2319,#2320);
#2112=AXIS2_PLACEMENT_3D('',#2920,#2321,#2322);
#2113=AXIS2_PLACEMENT_3D('',#2923,#2324,#2325);
#2114=AXIS2_PLACEMENT_3D('',#2924,#2326,#2327);
#2115=AXIS2_PLACEMENT_3D('',#2926,#2328,#2329);
#2116=AXIS2_PLACEMENT_3D('',#2929,#2331,#2332);
#2117=AXIS2_PLACEMENT_3D('',#2930,#2333,#2334);
#2118=AXIS2_PLACEMENT_3D('',#2939,#2339,#2340);
#2119=AXIS2_PLACEMENT_3D('',#2945,#2344,#2345);
#2120=AXIS2_PLACEMENT_3D('',#2951,#2349,#2350);
#2121=AXIS2_PLACEMENT_3D('',#2954,#2353,#2354);
#2122=AXIS2_PLACEMENT_3D('',#2957,#2355,#2356);
#2123=AXIS2_PLACEMENT_3D('',#2961,#2358,#2359);
#2124=AXIS2_PLACEMENT_3D('',#2963,#2361,#2362);
#2125=AXIS2_PLACEMENT_3D('',#2969,#2366,#2367);
#2126=AXIS2_PLACEMENT_3D('',#2971,#2368,#2369);
#2127=AXIS2_PLACEMENT_3D('',#2974,#2371,#2372);
#2128=AXIS2_PLACEMENT_3D('',#2975,#2373,#2374);
#2129=AXIS2_PLACEMENT_3D('',#2981,#2378,#2379);
#2130=AXIS2_PLACEMENT_3D('',#2983,#2380,#2381);
#2131=AXIS2_PLACEMENT_3D('',#2986,#2383,#2384);
#2132=AXIS2_PLACEMENT_3D('',#2987,#2385,#2386);
#2133=AXIS2_PLACEMENT_3D('',#2993,#2390,#2391);
#2134=AXIS2_PLACEMENT_3D('',#2995,#2392,#2393);
#2135=AXIS2_PLACEMENT_3D('',#2998,#2395,#2396);
#2136=AXIS2_PLACEMENT_3D('',#2999,#2397,#2398);
#2137=AXIS2_PLACEMENT_3D('',#3002,#2401,#2402);
#2138=AXIS2_PLACEMENT_3D('',#3005,#2403,#2404);
#2139=AXIS2_PLACEMENT_3D('',#3009,#2406,#2407);
#2140=AXIS2_PLACEMENT_3D('',#3011,#2409,#2410);
#2141=AXIS2_PLACEMENT_3D('',#3017,#2414,#2415);
#2142=AXIS2_PLACEMENT_3D('',#3020,#2416,#2417);
#2143=AXIS2_PLACEMENT_3D('',#3024,#2419,#2420);
#2144=AXIS2_PLACEMENT_3D('',#3026,#2422,#2423);
#2145=AXIS2_PLACEMENT_3D('',#3032,#2427,#2428);
#2146=AXIS2_PLACEMENT_3D('',#3035,#2429,#2430);
#2147=AXIS2_PLACEMENT_3D('',#3039,#2432,#2433);
#2148=AXIS2_PLACEMENT_3D('',#3041,#2435,#2436);
#2149=AXIS2_PLACEMENT_3D('',#3047,#2440,#2441);
#2150=AXIS2_PLACEMENT_3D('',#3050,#2442,#2443);
#2151=AXIS2_PLACEMENT_3D('',#3054,#2445,#2446);
#2152=AXIS2_PLACEMENT_3D('',#3056,#2448,#2449);
#2153=AXIS2_PLACEMENT_3D('',#3062,#2453,#2454);
#2154=AXIS2_PLACEMENT_3D('',#3065,#2455,#2456);
#2155=AXIS2_PLACEMENT_3D('',#3069,#2458,#2459);
#2156=AXIS2_PLACEMENT_3D('',#3071,#2461,#2462);
#2157=AXIS2_PLACEMENT_3D('',#3077,#2466,#2467);
#2158=AXIS2_PLACEMENT_3D('',#3080,#2468,#2469);
#2159=AXIS2_PLACEMENT_3D('',#3084,#2471,#2472);
#2160=AXIS2_PLACEMENT_3D('',#3086,#2474,#2475);
#2161=AXIS2_PLACEMENT_3D('',#3092,#2479,#2480);
#2162=AXIS2_PLACEMENT_3D('',#3095,#2481,#2482);
#2163=AXIS2_PLACEMENT_3D('',#3099,#2484,#2485);
#2164=AXIS2_PLACEMENT_3D('',#3101,#2487,#2488);
#2165=AXIS2_PLACEMENT_3D('',#3107,#2492,#2493);
#2166=AXIS2_PLACEMENT_3D('',#3110,#2494,#2495);
#2167=AXIS2_PLACEMENT_3D('',#3114,#2497,#2498);
#2168=AXIS2_PLACEMENT_3D('',#3116,#2500,#2501);
#2169=AXIS2_PLACEMENT_3D('',#3122,#2505,#2506);
#2170=AXIS2_PLACEMENT_3D('',#3125,#2507,#2508);
#2171=AXIS2_PLACEMENT_3D('',#3129,#2510,#2511);
#2172=AXIS2_PLACEMENT_3D('',#3131,#2513,#2514);
#2173=AXIS2_PLACEMENT_3D('',#3137,#2518,#2519);
#2174=AXIS2_PLACEMENT_3D('',#3140,#2520,#2521);
#2175=AXIS2_PLACEMENT_3D('',#3144,#2523,#2524);
#2176=AXIS2_PLACEMENT_3D('',#3146,#2526,#2527);
#2177=AXIS2_PLACEMENT_3D('',#3149,#2530,#2531);
#2178=AXIS2_PLACEMENT_3D('',#3152,#2532,#2533);
#2179=AXIS2_PLACEMENT_3D('',#3156,#2535,#2536);
#2180=AXIS2_PLACEMENT_3D('',#3158,#2538,#2539);
#2181=AXIS2_PLACEMENT_3D('',#3161,#2542,#2543);
#2182=AXIS2_PLACEMENT_3D('',#3164,#2544,#2545);
#2183=AXIS2_PLACEMENT_3D('',#3168,#2547,#2548);
#2184=AXIS2_PLACEMENT_3D('',#3170,#2550,#2551);
#2185=AXIS2_PLACEMENT_3D('',#3173,#2554,#2555);
#2186=AXIS2_PLACEMENT_3D('',#3176,#2556,#2557);
#2187=AXIS2_PLACEMENT_3D('',#3180,#2559,#2560);
#2188=AXIS2_PLACEMENT_3D('',#3182,#2562,#2563);
#2189=AXIS2_PLACEMENT_3D('',#3185,#2566,#2567);
#2190=AXIS2_PLACEMENT_3D('',#3188,#2568,#2569);
#2191=AXIS2_PLACEMENT_3D('',#3192,#2571,#2572);
#2192=AXIS2_PLACEMENT_3D('',#3194,#2574,#2575);
#2193=AXIS2_PLACEMENT_3D('',#3197,#2578,#2579);
#2194=AXIS2_PLACEMENT_3D('',#3200,#2580,#2581);
#2195=AXIS2_PLACEMENT_3D('',#3204,#2583,#2584);
#2196=AXIS2_PLACEMENT_3D('',#3206,#2586,#2587);
#2197=AXIS2_PLACEMENT_3D('',#3209,#2590,#2591);
#2198=AXIS2_PLACEMENT_3D('',#3212,#2592,#2593);
#2199=AXIS2_PLACEMENT_3D('',#3216,#2595,#2596);
#2200=AXIS2_PLACEMENT_3D('',#3218,#2598,#2599);
#2201=AXIS2_PLACEMENT_3D('',#3221,#2602,#2603);
#2202=AXIS2_PLACEMENT_3D('',#3224,#2604,#2605);
#2203=AXIS2_PLACEMENT_3D('',#3228,#2607,#2608);
#2204=AXIS2_PLACEMENT_3D('',#3230,#2610,#2611);
#2205=AXIS2_PLACEMENT_3D('',#3233,#2614,#2615);
#2206=AXIS2_PLACEMENT_3D('',#3236,#2616,#2617);
#2207=AXIS2_PLACEMENT_3D('',#3240,#2619,#2620);
#2208=AXIS2_PLACEMENT_3D('',#3242,#2622,#2623);
#2209=AXIS2_PLACEMENT_3D('',#3245,#2626,#2627);
#2210=AXIS2_PLACEMENT_3D('',#3248,#2628,#2629);
#2211=AXIS2_PLACEMENT_3D('',#3252,#2631,#2632);
#2212=AXIS2_PLACEMENT_3D('',#3254,#2634,#2635);
#2213=AXIS2_PLACEMENT_3D('',#3257,#2638,#2639);
#2214=AXIS2_PLACEMENT_3D('',#3260,#2640,#2641);
#2215=AXIS2_PLACEMENT_3D('',#3264,#2643,#2644);
#2216=AXIS2_PLACEMENT_3D('',#3266,#2646,#2647);
#2217=AXIS2_PLACEMENT_3D('',#3269,#2650,#2651);
#2218=AXIS2_PLACEMENT_3D('',#3272,#2652,#2653);
#2219=AXIS2_PLACEMENT_3D('',#3276,#2655,#2656);
#2220=AXIS2_PLACEMENT_3D('',#3278,#2658,#2659);
#2221=AXIS2_PLACEMENT_3D('',#3281,#2662,#2663);
#2222=AXIS2_PLACEMENT_3D('',#3284,#2664,#2665);
#2223=AXIS2_PLACEMENT_3D('',#3288,#2667,#2668);
#2224=AXIS2_PLACEMENT_3D('',#3290,#2670,#2671);
#2225=AXIS2_PLACEMENT_3D('',#3293,#2674,#2675);
#2226=AXIS2_PLACEMENT_3D('',#3296,#2676,#2677);
#2227=AXIS2_PLACEMENT_3D('',#3300,#2679,#2680);
#2228=AXIS2_PLACEMENT_3D('',#3302,#2682,#2683);
#2229=AXIS2_PLACEMENT_3D('',#3305,#2686,#2687);
#2230=AXIS2_PLACEMENT_3D('',#3308,#2688,#2689);
#2231=AXIS2_PLACEMENT_3D('',#3312,#2691,#2692);
#2232=AXIS2_PLACEMENT_3D('',#3314,#2694,#2695);
#2233=AXIS2_PLACEMENT_3D('',#3317,#2698,#2699);
#2234=AXIS2_PLACEMENT_3D('',#3320,#2700,#2701);
#2235=AXIS2_PLACEMENT_3D('',#3324,#2703,#2704);
#2236=AXIS2_PLACEMENT_3D('',#3326,#2706,#2707);
#2237=AXIS2_PLACEMENT_3D('',#3329,#2710,#2711);
#2238=AXIS2_PLACEMENT_3D('',#3332,#2712,#2713);
#2239=AXIS2_PLACEMENT_3D('',#3336,#2715,#2716);
#2240=AXIS2_PLACEMENT_3D('',#3338,#2718,#2719);
#2241=AXIS2_PLACEMENT_3D('',#3341,#2722,#2723);
#2242=AXIS2_PLACEMENT_3D('',#3344,#2724,#2725);
#2243=AXIS2_PLACEMENT_3D('',#3348,#2727,#2728);
#2244=AXIS2_PLACEMENT_3D('',#3350,#2730,#2731);
#2245=AXIS2_PLACEMENT_3D('',#3353,#2734,#2735);
#2246=AXIS2_PLACEMENT_3D('',#3355,#2736,#2737);
#2247=AXIS2_PLACEMENT_3D('',#3358,#2739,#2740);
#2248=AXIS2_PLACEMENT_3D('',#3359,#2741,#2742);
#2249=AXIS2_PLACEMENT_3D('',#3362,#2745,#2746);
#2250=AXIS2_PLACEMENT_3D('',#3364,#2747,#2748);
#2251=AXIS2_PLACEMENT_3D('',#3367,#2750,#2751);
#2252=AXIS2_PLACEMENT_3D('',#3368,#2752,#2753);
#2253=AXIS2_PLACEMENT_3D('',#3371,#2756,#2757);
#2254=AXIS2_PLACEMENT_3D('',#3373,#2758,#2759);
#2255=AXIS2_PLACEMENT_3D('',#3376,#2761,#2762);
#2256=AXIS2_PLACEMENT_3D('',#3377,#2763,#2764);
#2257=AXIS2_PLACEMENT_3D('',#3380,#2767,#2768);
#2258=AXIS2_PLACEMENT_3D('',#3382,#2769,#2770);
#2259=AXIS2_PLACEMENT_3D('',#3385,#2772,#2773);
#2260=AXIS2_PLACEMENT_3D('',#3386,#2774,#2775);
#2261=AXIS2_PLACEMENT_3D('',#3389,#2778,#2779);
#2262=AXIS2_PLACEMENT_3D('',#3391,#2780,#2781);
#2263=AXIS2_PLACEMENT_3D('',#3394,#2783,#2784);
#2264=AXIS2_PLACEMENT_3D('',#3395,#2785,#2786);
#2265=AXIS2_PLACEMENT_3D('',#3398,#2789,#2790);
#2266=AXIS2_PLACEMENT_3D('',#3400,#2791,#2792);
#2267=AXIS2_PLACEMENT_3D('',#3403,#2794,#2795);
#2268=AXIS2_PLACEMENT_3D('',#3404,#2796,#2797);
#2269=AXIS2_PLACEMENT_3D('',#3407,#2800,#2801);
#2270=AXIS2_PLACEMENT_3D('',#3409,#2802,#2803);
#2271=AXIS2_PLACEMENT_3D('',#3412,#2805,#2806);
#2272=AXIS2_PLACEMENT_3D('',#3413,#2807,#2808);
#2273=AXIS2_PLACEMENT_3D('',#3416,#2811,#2812);
#2274=AXIS2_PLACEMENT_3D('',#3418,#2813,#2814);
#2275=AXIS2_PLACEMENT_3D('',#3421,#2816,#2817);
#2276=AXIS2_PLACEMENT_3D('',#3422,#2818,#2819);
#2277=AXIS2_PLACEMENT_3D('',#3425,#2822,#2823);
#2278=AXIS2_PLACEMENT_3D('',#3427,#2824,#2825);
#2279=AXIS2_PLACEMENT_3D('',#3430,#2827,#2828);
#2280=AXIS2_PLACEMENT_3D('',#3431,#2829,#2830);
#2281=AXIS2_PLACEMENT_3D('',#3434,#2833,#2834);
#2282=AXIS2_PLACEMENT_3D('',#3437,#2835,#2836);
#2283=AXIS2_PLACEMENT_3D('',#3441,#2838,#2839);
#2284=AXIS2_PLACEMENT_3D('',#3443,#2841,#2842);
#2285=AXIS2_PLACEMENT_3D('',#3449,#2846,#2847);
#2286=AXIS2_PLACEMENT_3D('',#3453,#2849,#2850);
#2287=AXIS2_PLACEMENT_3D('',#3457,#2852,#2853);
#2288=AXIS2_PLACEMENT_3D('',#3460,#2855,#2856);
#2289=AXIS2_PLACEMENT_3D('',#3469,#2861,#2862);
#2290=AXIS2_PLACEMENT_3D('',#3471,#2863,#2864);
#2291=AXIS2_PLACEMENT_3D('',#3473,#2866,#2867);
#2292=AXIS2_PLACEMENT_3D('',#3477,#2870,#2871);
#2293=AXIS2_PLACEMENT_3D('',#3479,#2872,#2873);
#2294=AXIS2_PLACEMENT_3D('',#3481,#2875,#2876);
#2295=AXIS2_PLACEMENT_3D('',#3485,#2879,#2880);
#2296=AXIS2_PLACEMENT_3D('',#3487,#2881,#2882);
#2297=AXIS2_PLACEMENT_3D('',#3489,#2884,#2885);
#2298=AXIS2_PLACEMENT_3D('',#3495,#2889,#2890);
#2299=AXIS2_PLACEMENT_3D('',#3499,#2893,#2894);
#2300=AXIS2_PLACEMENT_3D('',#3503,#2897,#2898);
#2301=AXIS2_PLACEMENT_3D('',#3505,#2900,#2901);
#2302=AXIS2_PLACEMENT_3D('',#3507,#2903,#2904);
#2303=DIRECTION('axis',(0.,0.,1.));
#2304=DIRECTION('refdir',(1.,0.,0.));
#2305=DIRECTION('center_axis',(0.,-1.,0.));
#2306=DIRECTION('ref_axis',(-1.,0.,0.));
#2307=DIRECTION('center_axis',(0.,-1.,0.));
#2308=DIRECTION('ref_axis',(-1.,0.,0.));
#2309=DIRECTION('',(0.,-1.,0.));
#2310=DIRECTION('center_axis',(0.,1.,0.));
#2311=DIRECTION('ref_axis',(-1.,0.,0.));
#2312=DIRECTION('center_axis',(0.,-1.,0.));
#2313=DIRECTION('ref_axis',(-1.,0.,0.));
#2314=DIRECTION('center_axis',(0.,-1.,0.));
#2315=DIRECTION('ref_axis',(-1.,0.,0.));
#2316=DIRECTION('',(0.,-1.,0.));
#2317=DIRECTION('center_axis',(0.,1.,0.));
#2318=DIRECTION('ref_axis',(-1.,0.,0.));
#2319=DIRECTION('center_axis',(0.,-1.,0.));
#2320=DIRECTION('ref_axis',(-1.,0.,0.));
#2321=DIRECTION('center_axis',(0.,-1.,0.));
#2322=DIRECTION('ref_axis',(-1.,0.,0.));
#2323=DIRECTION('',(0.,-1.,0.));
#2324=DIRECTION('center_axis',(0.,1.,0.));
#2325=DIRECTION('ref_axis',(-1.,0.,0.));
#2326=DIRECTION('center_axis',(0.,-1.,0.));
#2327=DIRECTION('ref_axis',(-1.,0.,0.));
#2328=DIRECTION('center_axis',(0.,-1.,0.));
#2329=DIRECTION('ref_axis',(-1.,0.,0.));
#2330=DIRECTION('',(0.,-1.,0.));
#2331=DIRECTION('center_axis',(0.,1.,0.));
#2332=DIRECTION('ref_axis',(-1.,0.,0.));
#2333=DIRECTION('center_axis',(1.,0.,0.));
#2334=DIRECTION('ref_axis',(0.,0.,1.));
#2335=DIRECTION('',(0.,0.,1.));
#2336=DIRECTION('',(0.,-1.,0.));
#2337=DIRECTION('',(0.,0.,-1.));
#2338=DIRECTION('',(0.,-1.,0.));
#2339=DIRECTION('center_axis',(-8.60638003585393E-17,0.,-1.));
#2340=DIRECTION('ref_axis',(1.,0.,-8.60638003585393E-17));
#2341=DIRECTION('',(1.,0.,-8.60638003585393E-17));
#2342=DIRECTION('',(0.,-1.,0.));
#2343=DIRECTION('',(-1.,0.,8.60638003585393E-17));
#2344=DIRECTION('center_axis',(-1.,0.,0.));
#2345=DIRECTION('ref_axis',(0.,0.,-1.));
#2346=DIRECTION('',(0.,0.,-1.));
#2347=DIRECTION('',(0.,-1.,0.));
#2348=DIRECTION('',(0.,0.,1.));
#2349=DIRECTION('center_axis',(0.,0.,1.));
#2350=DIRECTION('ref_axis',(-1.,0.,0.));
#2351=DIRECTION('',(-1.,0.,0.));
#2352=DIRECTION('',(1.,0.,0.));
#2353=DIRECTION('center_axis',(0.,-1.,0.));
#2354=DIRECTION('ref_axis',(-0.707106781186551,0.,0.707106781186544));
#2355=DIRECTION('center_axis',(0.,1.,0.));
#2356=DIRECTION('ref_axis',(-0.707106781186551,0.,0.707106781186544));
#2357=DIRECTION('',(0.,-1.,0.));
#2358=DIRECTION('center_axis',(0.,-1.,0.));
#2359=DIRECTION('ref_axis',(-0.707106781186551,0.,0.707106781186544));
#2360=DIRECTION('',(0.,1.,0.));
#2361=DIRECTION('center_axis',(0.,0.,1.));
#2362=DIRECTION('ref_axis',(-1.,0.,0.));
#2363=DIRECTION('',(-1.,0.,0.));
#2364=DIRECTION('',(0.,1.,0.));
#2365=DIRECTION('',(1.,0.,0.));
#2366=DIRECTION('center_axis',(0.,-1.,0.));
#2367=DIRECTION('ref_axis',(0.707106781186538,0.,0.707106781186557));
#2368=DIRECTION('center_axis',(0.,1.,0.));
#2369=DIRECTION('ref_axis',(0.707106781186538,0.,0.707106781186557));
#2370=DIRECTION('',(0.,-1.,0.));
#2371=DIRECTION('center_axis',(0.,-1.,0.));
#2372=DIRECTION('ref_axis',(0.707106781186538,0.,0.707106781186557));
#2373=DIRECTION('center_axis',(1.,0.,0.));
#2374=DIRECTION('ref_axis',(0.,0.,1.));
#2375=DIRECTION('',(0.,0.,1.));
#2376=DIRECTION('',(0.,1.,0.));
#2377=DIRECTION('',(0.,0.,-1.));
#2378=DIRECTION('center_axis',(0.,-1.,0.));
#2379=DIRECTION('ref_axis',(0.70710678118654,0.,-0.707106781186555));
#2380=DIRECTION('center_axis',(0.,1.,0.));
#2381=DIRECTION('ref_axis',(0.70710678118654,0.,-0.707106781186555));
#2382=DIRECTION('',(0.,-1.,0.));
#2383=DIRECTION('center_axis',(0.,-1.,0.));
#2384=DIRECTION('ref_axis',(0.70710678118654,0.,-0.707106781186555));
#2385=DIRECTION('center_axis',(0.,0.,-1.));
#2386=DIRECTION('ref_axis',(1.,0.,0.));
#2387=DIRECTION('',(1.,0.,0.));
#2388=DIRECTION('',(0.,1.,0.));
#2389=DIRECTION('',(-1.,0.,0.));
#2390=DIRECTION('center_axis',(0.,-1.,0.));
#2391=DIRECTION('ref_axis',(-0.707106781186544,0.,-0.707106781186551));
#2392=DIRECTION('center_axis',(0.,1.,0.));
#2393=DIRECTION('ref_axis',(-0.707106781186544,0.,-0.707106781186551));
#2394=DIRECTION('',(0.,-1.,0.));
#2395=DIRECTION('center_axis',(0.,-1.,0.));
#2396=DIRECTION('ref_axis',(-0.707106781186544,0.,-0.707106781186551));
#2397=DIRECTION('center_axis',(-1.,0.,0.));
#2398=DIRECTION('ref_axis',(0.,0.,-1.));
#2399=DIRECTION('',(0.,0.,1.));
#2400=DIRECTION('',(0.,0.,-1.));
#2401=DIRECTION('center_axis',(0.,-1.,0.));
#2402=DIRECTION('ref_axis',(-0.707106781186549,0.,-0.707106781186546));
#2403=DIRECTION('center_axis',(0.,1.,0.));
#2404=DIRECTION('ref_axis',(-0.707106781186549,0.,-0.707106781186546));
#2405=DIRECTION('',(0.,-1.,0.));
#2406=DIRECTION('center_axis',(0.,-1.,0.));
#2407=DIRECTION('ref_axis',(-0.707106781186549,0.,-0.707106781186546));
#2408=DIRECTION('',(0.,1.,0.));
#2409=DIRECTION('center_axis',(-1.,0.,0.));
#2410=DIRECTION('ref_axis',(0.,0.,-1.));
#2411=DIRECTION('',(0.,0.,-1.));
#2412=DIRECTION('',(0.,1.,0.));
#2413=DIRECTION('',(0.,0.,1.));
#2414=DIRECTION('center_axis',(0.,-1.,0.));
#2415=DIRECTION('ref_axis',(-0.707106781186549,0.,-0.707106781186546));
#2416=DIRECTION('center_axis',(0.,1.,0.));
#2417=DIRECTION('ref_axis',(-0.707106781186549,0.,-0.707106781186546));
#2418=DIRECTION('',(0.,-1.,0.));
#2419=DIRECTION('center_axis',(0.,-1.,0.));
#2420=DIRECTION('ref_axis',(-0.707106781186549,0.,-0.707106781186546));
#2421=DIRECTION('',(0.,1.,0.));
#2422=DIRECTION('center_axis',(-1.,0.,0.));
#2423=DIRECTION('ref_axis',(0.,0.,-1.));
#2424=DIRECTION('',(0.,0.,-1.));
#2425=DIRECTION('',(0.,1.,0.));
#2426=DIRECTION('',(0.,0.,1.));
#2427=DIRECTION('center_axis',(0.,-1.,0.));
#2428=DIRECTION('ref_axis',(-0.707106781186551,0.,-0.707106781186544));
#2429=DIRECTION('center_axis',(0.,1.,0.));
#2430=DIRECTION('ref_axis',(-0.707106781186551,0.,-0.707106781186544));
#2431=DIRECTION('',(0.,-1.,0.));
#2432=DIRECTION('center_axis',(0.,-1.,0.));
#2433=DIRECTION('ref_axis',(-0.707106781186551,0.,-0.707106781186544));
#2434=DIRECTION('',(0.,1.,0.));
#2435=DIRECTION('center_axis',(-1.,0.,0.));
#2436=DIRECTION('ref_axis',(0.,0.,-1.));
#2437=DIRECTION('',(0.,0.,-1.));
#2438=DIRECTION('',(0.,1.,0.));
#2439=DIRECTION('',(0.,0.,1.));
#2440=DIRECTION('center_axis',(0.,-1.,0.));
#2441=DIRECTION('ref_axis',(-0.707106781186548,0.,-0.707106781186548));
#2442=DIRECTION('center_axis',(0.,1.,0.));
#2443=DIRECTION('ref_axis',(-0.707106781186548,0.,-0.707106781186548));
#2444=DIRECTION('',(0.,-1.,0.));
#2445=DIRECTION('center_axis',(0.,-1.,0.));
#2446=DIRECTION('ref_axis',(-0.707106781186548,0.,-0.707106781186548));
#2447=DIRECTION('',(0.,1.,0.));
#2448=DIRECTION('center_axis',(-1.,0.,0.));
#2449=DIRECTION('ref_axis',(0.,0.,-1.));
#2450=DIRECTION('',(0.,0.,-1.));
#2451=DIRECTION('',(0.,1.,0.));
#2452=DIRECTION('',(0.,0.,1.));
#2453=DIRECTION('center_axis',(0.,-1.,0.));
#2454=DIRECTION('ref_axis',(-0.707106781186551,0.,-0.707106781186544));
#2455=DIRECTION('center_axis',(0.,1.,0.));
#2456=DIRECTION('ref_axis',(-0.707106781186551,0.,-0.707106781186544));
#2457=DIRECTION('',(0.,-1.,0.));
#2458=DIRECTION('center_axis',(0.,-1.,0.));
#2459=DIRECTION('ref_axis',(-0.707106781186551,0.,-0.707106781186544));
#2460=DIRECTION('',(0.,1.,0.));
#2461=DIRECTION('center_axis',(-1.,0.,0.));
#2462=DIRECTION('ref_axis',(0.,0.,-1.));
#2463=DIRECTION('',(0.,0.,-1.));
#2464=DIRECTION('',(0.,1.,0.));
#2465=DIRECTION('',(0.,0.,1.));
#2466=DIRECTION('center_axis',(0.,-1.,0.));
#2467=DIRECTION('ref_axis',(-0.707106781186548,0.,-0.707106781186548));
#2468=DIRECTION('center_axis',(0.,1.,0.));
#2469=DIRECTION('ref_axis',(-0.707106781186548,0.,-0.707106781186548));
#2470=DIRECTION('',(0.,-1.,0.));
#2471=DIRECTION('center_axis',(0.,-1.,0.));
#2472=DIRECTION('ref_axis',(-0.707106781186548,0.,-0.707106781186548));
#2473=DIRECTION('',(0.,1.,0.));
#2474=DIRECTION('center_axis',(-1.,0.,0.));
#2475=DIRECTION('ref_axis',(0.,0.,-1.));
#2476=DIRECTION('',(0.,0.,-1.));
#2477=DIRECTION('',(0.,1.,0.));
#2478=DIRECTION('',(0.,0.,1.));
#2479=DIRECTION('center_axis',(0.,-1.,0.));
#2480=DIRECTION('ref_axis',(-0.707106781186548,0.,-0.707106781186548));
#2481=DIRECTION('center_axis',(0.,1.,0.));
#2482=DIRECTION('ref_axis',(-0.707106781186548,0.,-0.707106781186548));
#2483=DIRECTION('',(0.,-1.,0.));
#2484=DIRECTION('center_axis',(0.,-1.,0.));
#2485=DIRECTION('ref_axis',(-0.707106781186548,0.,-0.707106781186548));
#2486=DIRECTION('',(0.,1.,0.));
#2487=DIRECTION('center_axis',(-1.,0.,0.));
#2488=DIRECTION('ref_axis',(0.,0.,-1.));
#2489=DIRECTION('',(0.,0.,-1.));
#2490=DIRECTION('',(0.,1.,0.));
#2491=DIRECTION('',(0.,0.,1.));
#2492=DIRECTION('center_axis',(0.,-1.,0.));
#2493=DIRECTION('ref_axis',(-0.707106781186551,0.,-0.707106781186544));
#2494=DIRECTION('center_axis',(0.,1.,0.));
#2495=DIRECTION('ref_axis',(-0.707106781186551,0.,-0.707106781186544));
#2496=DIRECTION('',(0.,-1.,0.));
#2497=DIRECTION('center_axis',(0.,-1.,0.));
#2498=DIRECTION('ref_axis',(-0.707106781186551,0.,-0.707106781186544));
#2499=DIRECTION('',(0.,1.,0.));
#2500=DIRECTION('center_axis',(-1.,0.,0.));
#2501=DIRECTION('ref_axis',(0.,0.,-1.));
#2502=DIRECTION('',(0.,0.,-1.));
#2503=DIRECTION('',(0.,1.,0.));
#2504=DIRECTION('',(0.,0.,1.));
#2505=DIRECTION('center_axis',(0.,-1.,0.));
#2506=DIRECTION('ref_axis',(-0.707106781186549,0.,-0.707106781186546));
#2507=DIRECTION('center_axis',(0.,1.,0.));
#2508=DIRECTION('ref_axis',(-0.707106781186549,0.,-0.707106781186546));
#2509=DIRECTION('',(0.,-1.,0.));
#2510=DIRECTION('center_axis',(0.,-1.,0.));
#2511=DIRECTION('ref_axis',(-0.707106781186549,0.,-0.707106781186546));
#2512=DIRECTION('',(0.,1.,0.));
#2513=DIRECTION('center_axis',(-1.,0.,0.));
#2514=DIRECTION('ref_axis',(0.,0.,-1.));
#2515=DIRECTION('',(0.,0.,-1.));
#2516=DIRECTION('',(0.,1.,0.));
#2517=DIRECTION('',(0.,0.,1.));
#2518=DIRECTION('center_axis',(0.,-1.,0.));
#2519=DIRECTION('ref_axis',(0.707106781186548,0.,-0.707106781186548));
#2520=DIRECTION('center_axis',(0.,1.,0.));
#2521=DIRECTION('ref_axis',(0.707106781186548,0.,-0.707106781186548));
#2522=DIRECTION('',(0.,-1.,0.));
#2523=DIRECTION('center_axis',(0.,-1.,0.));
#2524=DIRECTION('ref_axis',(0.707106781186548,0.,-0.707106781186548));
#2525=DIRECTION('',(0.,1.,0.));
#2526=DIRECTION('center_axis',(0.,0.,-1.));
#2527=DIRECTION('ref_axis',(1.,0.,0.));
#2528=DIRECTION('',(-1.,0.,0.));
#2529=DIRECTION('',(1.,0.,0.));
#2530=DIRECTION('center_axis',(0.,-1.,0.));
#2531=DIRECTION('ref_axis',(0.707106781186548,0.,-0.707106781186548));
#2532=DIRECTION('center_axis',(0.,1.,0.));
#2533=DIRECTION('ref_axis',(0.707106781186548,0.,-0.707106781186548));
#2534=DIRECTION('',(0.,-1.,0.));
#2535=DIRECTION('center_axis',(0.,-1.,0.));
#2536=DIRECTION('ref_axis',(0.707106781186548,0.,-0.707106781186548));
#2537=DIRECTION('',(0.,1.,0.));
#2538=DIRECTION('center_axis',(0.,0.,-1.));
#2539=DIRECTION('ref_axis',(1.,0.,0.));
#2540=DIRECTION('',(-1.,0.,0.));
#2541=DIRECTION('',(1.,0.,0.));
#2542=DIRECTION('center_axis',(0.,-1.,0.));
#2543=DIRECTION('ref_axis',(0.707106781186544,0.,-0.707106781186551));
#2544=DIRECTION('center_axis',(0.,1.,0.));
#2545=DIRECTION('ref_axis',(0.707106781186544,0.,-0.707106781186551));
#2546=DIRECTION('',(0.,-1.,0.));
#2547=DIRECTION('center_axis',(0.,-1.,0.));
#2548=DIRECTION('ref_axis',(0.707106781186544,0.,-0.707106781186551));
#2549=DIRECTION('',(0.,1.,0.));
#2550=DIRECTION('center_axis',(0.,0.,-1.));
#2551=DIRECTION('ref_axis',(1.,0.,0.));
#2552=DIRECTION('',(-1.,0.,0.));
#2553=DIRECTION('',(1.,0.,0.));
#2554=DIRECTION('center_axis',(0.,-1.,0.));
#2555=DIRECTION('ref_axis',(0.707106781186551,0.,-0.707106781186544));
#2556=DIRECTION('center_axis',(0.,1.,0.));
#2557=DIRECTION('ref_axis',(0.707106781186551,0.,-0.707106781186544));
#2558=DIRECTION('',(0.,-1.,0.));
#2559=DIRECTION('center_axis',(0.,-1.,0.));
#2560=DIRECTION('ref_axis',(0.707106781186551,0.,-0.707106781186544));
#2561=DIRECTION('',(0.,1.,0.));
#2562=DIRECTION('center_axis',(0.,0.,-1.));
#2563=DIRECTION('ref_axis',(1.,0.,0.));
#2564=DIRECTION('',(-1.,0.,0.));
#2565=DIRECTION('',(1.,0.,0.));
#2566=DIRECTION('center_axis',(0.,-1.,0.));
#2567=DIRECTION('ref_axis',(0.707106781186551,0.,-0.707106781186544));
#2568=DIRECTION('center_axis',(0.,1.,0.));
#2569=DIRECTION('ref_axis',(0.707106781186551,0.,-0.707106781186544));
#2570=DIRECTION('',(0.,-1.,0.));
#2571=DIRECTION('center_axis',(0.,-1.,0.));
#2572=DIRECTION('ref_axis',(0.707106781186551,0.,-0.707106781186544));
#2573=DIRECTION('',(0.,1.,0.));
#2574=DIRECTION('center_axis',(0.,0.,-1.));
#2575=DIRECTION('ref_axis',(1.,0.,0.));
#2576=DIRECTION('',(-1.,0.,0.));
#2577=DIRECTION('',(1.,0.,0.));
#2578=DIRECTION('center_axis',(0.,-1.,0.));
#2579=DIRECTION('ref_axis',(0.707106781186548,0.,-0.707106781186548));
#2580=DIRECTION('center_axis',(0.,1.,0.));
#2581=DIRECTION('ref_axis',(0.707106781186548,0.,-0.707106781186548));
#2582=DIRECTION('',(0.,-1.,0.));
#2583=DIRECTION('center_axis',(0.,-1.,0.));
#2584=DIRECTION('ref_axis',(0.707106781186548,0.,-0.707106781186548));
#2585=DIRECTION('',(0.,1.,0.));
#2586=DIRECTION('center_axis',(0.,0.,-1.));
#2587=DIRECTION('ref_axis',(1.,0.,0.));
#2588=DIRECTION('',(-1.,0.,0.));
#2589=DIRECTION('',(1.,0.,0.));
#2590=DIRECTION('center_axis',(0.,-1.,0.));
#2591=DIRECTION('ref_axis',(0.707106781186548,0.,-0.707106781186548));
#2592=DIRECTION('center_axis',(0.,1.,0.));
#2593=DIRECTION('ref_axis',(0.707106781186548,0.,-0.707106781186548));
#2594=DIRECTION('',(0.,-1.,0.));
#2595=DIRECTION('center_axis',(0.,-1.,0.));
#2596=DIRECTION('ref_axis',(0.707106781186548,0.,-0.707106781186548));
#2597=DIRECTION('',(0.,1.,0.));
#2598=DIRECTION('center_axis',(0.,0.,-1.));
#2599=DIRECTION('ref_axis',(1.,0.,0.));
#2600=DIRECTION('',(-1.,0.,0.));
#2601=DIRECTION('',(1.,0.,0.));
#2602=DIRECTION('center_axis',(0.,-1.,0.));
#2603=DIRECTION('ref_axis',(0.707106781186544,0.,-0.707106781186551));
#2604=DIRECTION('center_axis',(0.,1.,0.));
#2605=DIRECTION('ref_axis',(0.707106781186544,0.,-0.707106781186551));
#2606=DIRECTION('',(0.,-1.,0.));
#2607=DIRECTION('center_axis',(0.,-1.,0.));
#2608=DIRECTION('ref_axis',(0.707106781186544,0.,-0.707106781186551));
#2609=DIRECTION('',(0.,1.,0.));
#2610=DIRECTION('center_axis',(0.,0.,-1.));
#2611=DIRECTION('ref_axis',(1.,0.,0.));
#2612=DIRECTION('',(-1.,0.,0.));
#2613=DIRECTION('',(1.,0.,0.));
#2614=DIRECTION('center_axis',(0.,-1.,0.));
#2615=DIRECTION('ref_axis',(0.707106781186548,0.,-0.707106781186548));
#2616=DIRECTION('center_axis',(0.,1.,0.));
#2617=DIRECTION('ref_axis',(0.707106781186548,0.,-0.707106781186548));
#2618=DIRECTION('',(0.,-1.,0.));
#2619=DIRECTION('center_axis',(0.,-1.,0.));
#2620=DIRECTION('ref_axis',(0.707106781186548,0.,-0.707106781186548));
#2621=DIRECTION('',(0.,1.,0.));
#2622=DIRECTION('center_axis',(0.,0.,-1.));
#2623=DIRECTION('ref_axis',(1.,0.,0.));
#2624=DIRECTION('',(-1.,0.,0.));
#2625=DIRECTION('',(1.,0.,0.));
#2626=DIRECTION('center_axis',(0.,-1.,0.));
#2627=DIRECTION('ref_axis',(0.707106781186551,0.,0.707106781186544));
#2628=DIRECTION('center_axis',(0.,1.,0.));
#2629=DIRECTION('ref_axis',(0.707106781186551,0.,0.707106781186544));
#2630=DIRECTION('',(0.,-1.,0.));
#2631=DIRECTION('center_axis',(0.,-1.,0.));
#2632=DIRECTION('ref_axis',(0.707106781186551,0.,0.707106781186544));
#2633=DIRECTION('',(0.,1.,0.));
#2634=DIRECTION('center_axis',(1.,0.,0.));
#2635=DIRECTION('ref_axis',(0.,0.,1.));
#2636=DIRECTION('',(0.,0.,-1.));
#2637=DIRECTION('',(0.,0.,1.));
#2638=DIRECTION('center_axis',(0.,-1.,0.));
#2639=DIRECTION('ref_axis',(0.707106781186551,0.,0.707106781186544));
#2640=DIRECTION('center_axis',(0.,1.,0.));
#2641=DIRECTION('ref_axis',(0.707106781186551,0.,0.707106781186544));
#2642=DIRECTION('',(0.,-1.,0.));
#2643=DIRECTION('center_axis',(0.,-1.,0.));
#2644=DIRECTION('ref_axis',(0.707106781186551,0.,0.707106781186544));
#2645=DIRECTION('',(0.,1.,0.));
#2646=DIRECTION('center_axis',(1.,0.,0.));
#2647=DIRECTION('ref_axis',(0.,0.,1.));
#2648=DIRECTION('',(0.,0.,-1.));
#2649=DIRECTION('',(0.,0.,1.));
#2650=DIRECTION('center_axis',(0.,-1.,0.));
#2651=DIRECTION('ref_axis',(0.707106781186544,0.,0.707106781186551));
#2652=DIRECTION('center_axis',(0.,1.,0.));
#2653=DIRECTION('ref_axis',(0.707106781186544,0.,0.707106781186551));
#2654=DIRECTION('',(0.,-1.,0.));
#2655=DIRECTION('center_axis',(0.,-1.,0.));
#2656=DIRECTION('ref_axis',(0.707106781186544,0.,0.707106781186551));
#2657=DIRECTION('',(0.,1.,0.));
#2658=DIRECTION('center_axis',(1.,0.,0.));
#2659=DIRECTION('ref_axis',(0.,0.,1.));
#2660=DIRECTION('',(0.,0.,-1.));
#2661=DIRECTION('',(0.,0.,1.));
#2662=DIRECTION('center_axis',(0.,-1.,0.));
#2663=DIRECTION('ref_axis',(0.707106781186541,0.,0.707106781186554));
#2664=DIRECTION('center_axis',(0.,1.,0.));
#2665=DIRECTION('ref_axis',(0.707106781186541,0.,0.707106781186554));
#2666=DIRECTION('',(0.,-1.,0.));
#2667=DIRECTION('center_axis',(0.,-1.,0.));
#2668=DIRECTION('ref_axis',(0.707106781186541,0.,0.707106781186554));
#2669=DIRECTION('',(0.,1.,0.));
#2670=DIRECTION('center_axis',(1.,0.,0.));
#2671=DIRECTION('ref_axis',(0.,0.,1.));
#2672=DIRECTION('',(0.,0.,-1.));
#2673=DIRECTION('',(0.,0.,1.));
#2674=DIRECTION('center_axis',(0.,-1.,0.));
#2675=DIRECTION('ref_axis',(0.707106781186548,0.,0.707106781186548));
#2676=DIRECTION('center_axis',(0.,1.,0.));
#2677=DIRECTION('ref_axis',(0.707106781186548,0.,0.707106781186548));
#2678=DIRECTION('',(0.,-1.,0.));
#2679=DIRECTION('center_axis',(0.,-1.,0.));
#2680=DIRECTION('ref_axis',(0.707106781186548,0.,0.707106781186548));
#2681=DIRECTION('',(0.,1.,0.));
#2682=DIRECTION('center_axis',(1.,0.,0.));
#2683=DIRECTION('ref_axis',(0.,0.,1.));
#2684=DIRECTION('',(0.,0.,-1.));
#2685=DIRECTION('',(0.,0.,1.));
#2686=DIRECTION('center_axis',(0.,-1.,0.));
#2687=DIRECTION('ref_axis',(0.707106781186548,0.,0.707106781186548));
#2688=DIRECTION('center_axis',(0.,1.,0.));
#2689=DIRECTION('ref_axis',(0.707106781186548,0.,0.707106781186548));
#2690=DIRECTION('',(0.,-1.,0.));
#2691=DIRECTION('center_axis',(0.,-1.,0.));
#2692=DIRECTION('ref_axis',(0.707106781186548,0.,0.707106781186548));
#2693=DIRECTION('',(0.,1.,0.));
#2694=DIRECTION('center_axis',(1.,0.,0.));
#2695=DIRECTION('ref_axis',(0.,0.,1.));
#2696=DIRECTION('',(0.,0.,-1.));
#2697=DIRECTION('',(0.,0.,1.));
#2698=DIRECTION('center_axis',(0.,-1.,0.));
#2699=DIRECTION('ref_axis',(0.707106781186548,0.,0.707106781186548));
#2700=DIRECTION('center_axis',(0.,1.,0.));
#2701=DIRECTION('ref_axis',(0.707106781186548,0.,0.707106781186548));
#2702=DIRECTION('',(0.,-1.,0.));
#2703=DIRECTION('center_axis',(0.,-1.,0.));
#2704=DIRECTION('ref_axis',(0.707106781186548,0.,0.707106781186548));
#2705=DIRECTION('',(0.,1.,0.));
#2706=DIRECTION('center_axis',(1.,0.,0.));
#2707=DIRECTION('ref_axis',(0.,0.,1.));
#2708=DIRECTION('',(0.,0.,-1.));
#2709=DIRECTION('',(0.,0.,1.));
#2710=DIRECTION('center_axis',(0.,-1.,0.));
#2711=DIRECTION('ref_axis',(0.707106781186548,0.,0.707106781186548));
#2712=DIRECTION('center_axis',(0.,1.,0.));
#2713=DIRECTION('ref_axis',(0.707106781186548,0.,0.707106781186548));
#2714=DIRECTION('',(0.,-1.,0.));
#2715=DIRECTION('center_axis',(0.,-1.,0.));
#2716=DIRECTION('ref_axis',(0.707106781186548,0.,0.707106781186548));
#2717=DIRECTION('',(0.,1.,0.));
#2718=DIRECTION('center_axis',(1.,0.,0.));
#2719=DIRECTION('ref_axis',(0.,0.,1.));
#2720=DIRECTION('',(0.,0.,-1.));
#2721=DIRECTION('',(0.,0.,1.));
#2722=DIRECTION('center_axis',(0.,-1.,0.));
#2723=DIRECTION('ref_axis',(0.707106781186541,0.,0.707106781186554));
#2724=DIRECTION('center_axis',(0.,1.,0.));
#2725=DIRECTION('ref_axis',(0.707106781186541,0.,0.707106781186554));
#2726=DIRECTION('',(0.,-1.,0.));
#2727=DIRECTION('center_axis',(0.,-1.,0.));
#2728=DIRECTION('ref_axis',(0.707106781186541,0.,0.707106781186554));
#2729=DIRECTION('',(0.,1.,0.));
#2730=DIRECTION('center_axis',(1.,0.,0.));
#2731=DIRECTION('ref_axis',(0.,0.,1.));
#2732=DIRECTION('',(0.,0.,-1.));
#2733=DIRECTION('',(0.,0.,1.));
#2734=DIRECTION('center_axis',(0.,-1.,0.));
#2735=DIRECTION('ref_axis',(-0.707106781186548,0.,0.707106781186548));
#2736=DIRECTION('center_axis',(0.,1.,0.));
#2737=DIRECTION('ref_axis',(-0.707106781186548,0.,0.707106781186548));
#2738=DIRECTION('',(0.,-1.,0.));
#2739=DIRECTION('center_axis',(0.,-1.,0.));
#2740=DIRECTION('ref_axis',(-0.707106781186548,0.,0.707106781186548));
#2741=DIRECTION('center_axis',(0.,0.,1.));
#2742=DIRECTION('ref_axis',(-1.,0.,0.));
#2743=DIRECTION('',(1.,0.,0.));
#2744=DIRECTION('',(-1.,0.,0.));
#2745=DIRECTION('center_axis',(0.,-1.,0.));
#2746=DIRECTION('ref_axis',(-0.707106781186548,0.,0.707106781186548));
#2747=DIRECTION('center_axis',(0.,1.,0.));
#2748=DIRECTION('ref_axis',(-0.707106781186548,0.,0.707106781186548));
#2749=DIRECTION('',(0.,-1.,0.));
#2750=DIRECTION('center_axis',(0.,-1.,0.));
#2751=DIRECTION('ref_axis',(-0.707106781186548,0.,0.707106781186548));
#2752=DIRECTION('center_axis',(0.,0.,1.));
#2753=DIRECTION('ref_axis',(-1.,0.,0.));
#2754=DIRECTION('',(1.,0.,0.));
#2755=DIRECTION('',(-1.,0.,0.));
#2756=DIRECTION('center_axis',(0.,-1.,0.));
#2757=DIRECTION('ref_axis',(-0.707106781186541,0.,0.707106781186554));
#2758=DIRECTION('center_axis',(0.,1.,0.));
#2759=DIRECTION('ref_axis',(-0.707106781186541,0.,0.707106781186554));
#2760=DIRECTION('',(0.,-1.,0.));
#2761=DIRECTION('center_axis',(0.,-1.,0.));
#2762=DIRECTION('ref_axis',(-0.707106781186541,0.,0.707106781186554));
#2763=DIRECTION('center_axis',(0.,0.,1.));
#2764=DIRECTION('ref_axis',(-1.,0.,0.));
#2765=DIRECTION('',(1.,0.,0.));
#2766=DIRECTION('',(-1.,0.,0.));
#2767=DIRECTION('center_axis',(0.,-1.,0.));
#2768=DIRECTION('ref_axis',(-0.707106781186548,0.,0.707106781186548));
#2769=DIRECTION('center_axis',(0.,1.,0.));
#2770=DIRECTION('ref_axis',(-0.707106781186548,0.,0.707106781186548));
#2771=DIRECTION('',(0.,-1.,0.));
#2772=DIRECTION('center_axis',(0.,-1.,0.));
#2773=DIRECTION('ref_axis',(-0.707106781186548,0.,0.707106781186548));
#2774=DIRECTION('center_axis',(0.,0.,1.));
#2775=DIRECTION('ref_axis',(-1.,0.,0.));
#2776=DIRECTION('',(1.,0.,0.));
#2777=DIRECTION('',(-1.,0.,0.));
#2778=DIRECTION('center_axis',(0.,-1.,0.));
#2779=DIRECTION('ref_axis',(-0.707106781186548,0.,0.707106781186548));
#2780=DIRECTION('center_axis',(0.,1.,0.));
#2781=DIRECTION('ref_axis',(-0.707106781186548,0.,0.707106781186548));
#2782=DIRECTION('',(0.,-1.,0.));
#2783=DIRECTION('center_axis',(0.,-1.,0.));
#2784=DIRECTION('ref_axis',(-0.707106781186548,0.,0.707106781186548));
#2785=DIRECTION('center_axis',(0.,0.,1.));
#2786=DIRECTION('ref_axis',(-1.,0.,0.));
#2787=DIRECTION('',(1.,0.,0.));
#2788=DIRECTION('',(-1.,0.,0.));
#2789=DIRECTION('center_axis',(0.,-1.,0.));
#2790=DIRECTION('ref_axis',(-0.707106781186541,0.,0.707106781186554));
#2791=DIRECTION('center_axis',(0.,1.,0.));
#2792=DIRECTION('ref_axis',(-0.707106781186541,0.,0.707106781186554));
#2793=DIRECTION('',(0.,-1.,0.));
#2794=DIRECTION('center_axis',(0.,-1.,0.));
#2795=DIRECTION('ref_axis',(-0.707106781186541,0.,0.707106781186554));
#2796=DIRECTION('center_axis',(0.,0.,1.));
#2797=DIRECTION('ref_axis',(-1.,0.,0.));
#2798=DIRECTION('',(1.,0.,0.));
#2799=DIRECTION('',(-1.,0.,0.));
#2800=DIRECTION('center_axis',(0.,-1.,0.));
#2801=DIRECTION('ref_axis',(-0.707106781186541,0.,0.707106781186554));
#2802=DIRECTION('center_axis',(0.,1.,0.));
#2803=DIRECTION('ref_axis',(-0.707106781186541,0.,0.707106781186554));
#2804=DIRECTION('',(0.,-1.,0.));
#2805=DIRECTION('center_axis',(0.,-1.,0.));
#2806=DIRECTION('ref_axis',(-0.707106781186541,0.,0.707106781186554));
#2807=DIRECTION('center_axis',(0.,0.,1.));
#2808=DIRECTION('ref_axis',(-1.,0.,0.));
#2809=DIRECTION('',(1.,0.,0.));
#2810=DIRECTION('',(-1.,0.,0.));
#2811=DIRECTION('center_axis',(0.,-1.,0.));
#2812=DIRECTION('ref_axis',(-0.707106781186548,0.,0.707106781186548));
#2813=DIRECTION('center_axis',(0.,1.,0.));
#2814=DIRECTION('ref_axis',(-0.707106781186548,0.,0.707106781186548));
#2815=DIRECTION('',(0.,-1.,0.));
#2816=DIRECTION('center_axis',(0.,-1.,0.));
#2817=DIRECTION('ref_axis',(-0.707106781186548,0.,0.707106781186548));
#2818=DIRECTION('center_axis',(0.,0.,1.));
#2819=DIRECTION('ref_axis',(-1.,0.,0.));
#2820=DIRECTION('',(1.,0.,0.));
#2821=DIRECTION('',(-1.,0.,0.));
#2822=DIRECTION('center_axis',(0.,-1.,0.));
#2823=DIRECTION('ref_axis',(-0.707106781186548,0.,0.707106781186548));
#2824=DIRECTION('center_axis',(0.,1.,0.));
#2825=DIRECTION('ref_axis',(-0.707106781186548,0.,0.707106781186548));
#2826=DIRECTION('',(0.,-1.,0.));
#2827=DIRECTION('center_axis',(0.,-1.,0.));
#2828=DIRECTION('ref_axis',(-0.707106781186548,0.,0.707106781186548));
#2829=DIRECTION('center_axis',(0.,0.,1.));
#2830=DIRECTION('ref_axis',(-1.,0.,0.));
#2831=DIRECTION('',(1.,0.,0.));
#2832=DIRECTION('',(-1.,0.,0.));
#2833=DIRECTION('center_axis',(0.,1.,0.));
#2834=DIRECTION('ref_axis',(0.707106781186547,0.,-0.707106781186547));
#2835=DIRECTION('center_axis',(0.,-1.,0.));
#2836=DIRECTION('ref_axis',(0.707106781186547,0.,-0.707106781186547));
#2837=DIRECTION('',(0.,-1.,0.));
#2838=DIRECTION('center_axis',(0.,1.,0.));
#2839=DIRECTION('ref_axis',(0.707106781186547,0.,-0.707106781186547));
#2840=DIRECTION('',(0.,1.,0.));
#2841=DIRECTION('center_axis',(0.,0.,-1.));
#2842=DIRECTION('ref_axis',(-1.,0.,0.));
#2843=DIRECTION('',(1.,0.,0.));
#2844=DIRECTION('',(0.,-1.,0.));
#2845=DIRECTION('',(-1.,0.,0.));
#2846=DIRECTION('center_axis',(0.,1.,0.));
#2847=DIRECTION('ref_axis',(1.,0.,0.));
#2848=DIRECTION('',(0.,0.,1.));
#2849=DIRECTION('center_axis',(0.,1.,0.));
#2850=DIRECTION('ref_axis',(0.707106781186547,0.,0.707106781186547));
#2851=DIRECTION('',(-1.,0.,0.));
#2852=DIRECTION('center_axis',(0.,1.,0.));
#2853=DIRECTION('ref_axis',(-0.707106781186547,0.,0.707106781186547));
#2854=DIRECTION('',(0.,0.,-1.));
#2855=DIRECTION('center_axis',(0.,1.,0.));
#2856=DIRECTION('ref_axis',(-0.707106781186547,0.,-0.707106781186547));
#2857=DIRECTION('',(0.,0.,-1.));
#2858=DIRECTION('',(-1.,0.,0.));
#2859=DIRECTION('',(0.,0.,1.));
#2860=DIRECTION('',(1.,0.,0.));
#2861=DIRECTION('center_axis',(0.,1.,0.));
#2862=DIRECTION('ref_axis',(-0.707106781186547,0.,-0.707106781186547));
#2863=DIRECTION('center_axis',(0.,-1.,0.));
#2864=DIRECTION('ref_axis',(-0.707106781186547,0.,-0.707106781186547));
#2865=DIRECTION('',(0.,1.,0.));
#2866=DIRECTION('center_axis',(-1.,0.,0.));
#2867=DIRECTION('ref_axis',(0.,0.,1.));
#2868=DIRECTION('',(0.,-1.,0.));
#2869=DIRECTION('',(0.,0.,1.));
#2870=DIRECTION('center_axis',(0.,1.,0.));
#2871=DIRECTION('ref_axis',(-0.707106781186547,0.,0.707106781186547));
#2872=DIRECTION('center_axis',(0.,-1.,0.));
#2873=DIRECTION('ref_axis',(-0.707106781186547,0.,0.707106781186547));
#2874=DIRECTION('',(0.,1.,0.));
#2875=DIRECTION('center_axis',(0.,0.,1.));
#2876=DIRECTION('ref_axis',(1.,0.,0.));
#2877=DIRECTION('',(0.,-1.,0.));
#2878=DIRECTION('',(1.,0.,0.));
#2879=DIRECTION('center_axis',(0.,1.,0.));
#2880=DIRECTION('ref_axis',(0.707106781186547,0.,0.707106781186547));
#2881=DIRECTION('center_axis',(0.,-1.,0.));
#2882=DIRECTION('ref_axis',(0.707106781186547,0.,0.707106781186547));
#2883=DIRECTION('',(0.,1.,0.));
#2884=DIRECTION('center_axis',(1.,0.,0.));
#2885=DIRECTION('ref_axis',(0.,0.,1.));
#2886=DIRECTION('',(0.,0.,1.));
#2887=DIRECTION('',(0.,-1.,0.));
#2888=DIRECTION('',(0.,-1.,0.));
#2889=DIRECTION('center_axis',(0.,0.,-1.));
#2890=DIRECTION('ref_axis',(1.,0.,0.));
#2891=DIRECTION('',(1.,0.,0.));
#2892=DIRECTION('',(0.,-1.,0.));
#2893=DIRECTION('center_axis',(-1.,0.,0.));
#2894=DIRECTION('ref_axis',(0.,0.,-1.));
#2895=DIRECTION('',(0.,0.,-1.));
#2896=DIRECTION('',(0.,-1.,0.));
#2897=DIRECTION('center_axis',(0.,0.,1.));
#2898=DIRECTION('ref_axis',(-1.,0.,0.));
#2899=DIRECTION('',(-1.,0.,0.));
#2900=DIRECTION('center_axis',(1.,0.,0.));
#2901=DIRECTION('ref_axis',(0.,0.,-1.));
#2902=DIRECTION('',(0.,0.,-1.));
#2903=DIRECTION('center_axis',(0.,1.,0.));
#2904=DIRECTION('ref_axis',(0.,0.,1.));
#2905=CARTESIAN_POINT('',(0.,0.,0.));
#2906=CARTESIAN_POINT('Origin',(98.3,1.5,93.3));
#2907=CARTESIAN_POINT('',(100.,1.5,93.3));
#2908=CARTESIAN_POINT('Origin',(98.3,1.5,93.3));
#2909=CARTESIAN_POINT('',(100.,0.,93.3));
#2910=CARTESIAN_POINT('',(100.,1.5,93.3));
#2911=CARTESIAN_POINT('Origin',(98.3,0.,93.3));
#2912=CARTESIAN_POINT('Origin',(98.3,1.5,5.0000000745));
#2913=CARTESIAN_POINT('',(100.,1.5,5.0000000745));
#2914=CARTESIAN_POINT('Origin',(98.3,1.5,5.0000000745));
#2915=CARTESIAN_POINT('',(100.,0.,5.0000000745));
#2916=CARTESIAN_POINT('',(100.,1.5,5.0000000745));
#2917=CARTESIAN_POINT('Origin',(98.3,0.,5.0000000745));
#2918=CARTESIAN_POINT('Origin',(5.,1.5,93.3));
#2919=CARTESIAN_POINT('',(6.7,1.5,93.3));
#2920=CARTESIAN_POINT('Origin',(5.,1.5,93.3));
#2921=CARTESIAN_POINT('',(6.7,0.,93.3));
#2922=CARTESIAN_POINT('',(6.7,1.5,93.3));
#2923=CARTESIAN_POINT('Origin',(5.,0.,93.3));
#2924=CARTESIAN_POINT('Origin',(5.,1.5,5.));
#2925=CARTESIAN_POINT('',(6.7,1.5,5.));
#2926=CARTESIAN_POINT('Origin',(5.,1.5,5.));
#2927=CARTESIAN_POINT('',(6.7,0.,5.));
#2928=CARTESIAN_POINT('',(6.7,1.5,5.));
#2929=CARTESIAN_POINT('Origin',(5.,0.,5.));
#2930=CARTESIAN_POINT('Origin',(43.451,1.5,14.));
#2931=CARTESIAN_POINT('',(43.451,1.5,14.));
#2932=CARTESIAN_POINT('',(43.451,1.5,25.45));
#2933=CARTESIAN_POINT('',(43.451,1.5,31.575));
#2934=CARTESIAN_POINT('',(43.451,0.,14.));
#2935=CARTESIAN_POINT('',(43.451,1.5,14.));
#2936=CARTESIAN_POINT('',(43.451,0.,25.45));
#2937=CARTESIAN_POINT('',(43.451,0.,31.575));
#2938=CARTESIAN_POINT('',(43.451,1.5,25.45));
#2939=CARTESIAN_POINT('Origin',(17.651,1.5,14.));
#2940=CARTESIAN_POINT('',(17.651,1.5,14.));
#2941=CARTESIAN_POINT('',(34.6505,1.5,14.));
#2942=CARTESIAN_POINT('',(17.651,0.,14.));
#2943=CARTESIAN_POINT('',(17.651,1.5,14.));
#2944=CARTESIAN_POINT('',(34.6505,0.,14.));
#2945=CARTESIAN_POINT('Origin',(17.651,1.5,25.45));
#2946=CARTESIAN_POINT('',(17.651,1.5,25.45));
#2947=CARTESIAN_POINT('',(17.651,1.5,37.3));
#2948=CARTESIAN_POINT('',(17.651,0.,25.45));
#2949=CARTESIAN_POINT('',(17.651,1.5,25.45));
#2950=CARTESIAN_POINT('',(17.651,0.,37.3));
#2951=CARTESIAN_POINT('Origin',(43.451,1.5,25.45));
#2952=CARTESIAN_POINT('',(47.5505,1.5,25.45));
#2953=CARTESIAN_POINT('',(47.5505,0.,25.45));
#2954=CARTESIAN_POINT('Origin',(72.901,1.5,33.));
#2955=CARTESIAN_POINT('',(71.901,1.5,33.));
#2956=CARTESIAN_POINT('',(72.901,1.5,34.));
#2957=CARTESIAN_POINT('Origin',(72.901,1.5,33.));
#2958=CARTESIAN_POINT('',(72.901,0.,34.));
#2959=CARTESIAN_POINT('',(72.901,1.5,34.));
#2960=CARTESIAN_POINT('',(71.901,0.,33.));
#2961=CARTESIAN_POINT('Origin',(72.901,0.,33.));
#2962=CARTESIAN_POINT('',(71.901,1.5,33.));
#2963=CARTESIAN_POINT('Origin',(92.901,1.5,34.));
#2964=CARTESIAN_POINT('',(91.901,1.5,34.));
#2965=CARTESIAN_POINT('',(72.2755,1.5,34.));
#2966=CARTESIAN_POINT('',(91.901,0.,34.));
#2967=CARTESIAN_POINT('',(91.901,1.5,34.));
#2968=CARTESIAN_POINT('',(72.2755,0.,34.));
#2969=CARTESIAN_POINT('Origin',(91.901,1.5,33.));
#2970=CARTESIAN_POINT('',(92.901,1.5,33.));
#2971=CARTESIAN_POINT('Origin',(91.901,1.5,33.));
#2972=CARTESIAN_POINT('',(92.901,0.,33.));
#2973=CARTESIAN_POINT('',(92.901,1.5,33.));
#2974=CARTESIAN_POINT('Origin',(91.901,0.,33.));
#2975=CARTESIAN_POINT('Origin',(92.901,1.5,13.));
#2976=CARTESIAN_POINT('',(92.901,1.5,14.));
#2977=CARTESIAN_POINT('',(92.901,1.5,31.075));
#2978=CARTESIAN_POINT('',(92.901,0.,14.));
#2979=CARTESIAN_POINT('',(92.901,1.5,14.));
#2980=CARTESIAN_POINT('',(92.901,0.,31.075));
#2981=CARTESIAN_POINT('Origin',(91.901,1.5,14.));
#2982=CARTESIAN_POINT('',(91.901,1.5,13.));
#2983=CARTESIAN_POINT('Origin',(91.901,1.5,14.));
#2984=CARTESIAN_POINT('',(91.901,0.,13.));
#2985=CARTESIAN_POINT('',(91.901,1.5,13.));
#2986=CARTESIAN_POINT('Origin',(91.901,0.,14.));
#2987=CARTESIAN_POINT('Origin',(71.901,1.5,13.));
#2988=CARTESIAN_POINT('',(72.901,1.5,13.));
#2989=CARTESIAN_POINT('',(61.7755,1.5,13.));
#2990=CARTESIAN_POINT('',(72.901,0.,13.));
#2991=CARTESIAN_POINT('',(72.901,1.5,13.));
#2992=CARTESIAN_POINT('',(61.7755,0.,13.));
#2993=CARTESIAN_POINT('Origin',(72.901,1.5,14.));
#2994=CARTESIAN_POINT('',(71.901,1.5,14.));
#2995=CARTESIAN_POINT('Origin',(72.901,1.5,14.));
#2996=CARTESIAN_POINT('',(71.901,0.,14.));
#2997=CARTESIAN_POINT('',(71.901,1.5,14.));
#2998=CARTESIAN_POINT('Origin',(72.901,0.,14.));
#2999=CARTESIAN_POINT('Origin',(71.901,1.5,34.));
#3000=CARTESIAN_POINT('',(71.901,0.,41.575));
#3001=CARTESIAN_POINT('',(71.901,1.5,41.575));
#3002=CARTESIAN_POINT('Origin',(15.37,1.5,70.795));
#3003=CARTESIAN_POINT('',(15.37,1.5,69.795));
#3004=CARTESIAN_POINT('',(14.37,1.5,70.795));
#3005=CARTESIAN_POINT('Origin',(15.37,1.5,70.795));
#3006=CARTESIAN_POINT('',(14.37,0.,70.795));
#3007=CARTESIAN_POINT('',(14.37,1.5,70.795));
#3008=CARTESIAN_POINT('',(15.37,0.,69.795));
#3009=CARTESIAN_POINT('Origin',(15.37,0.,70.795));
#3010=CARTESIAN_POINT('',(15.37,1.5,69.795));
#3011=CARTESIAN_POINT('Origin',(14.37,1.5,83.795));
#3012=CARTESIAN_POINT('',(14.37,1.5,82.795));
#3013=CARTESIAN_POINT('',(14.37,1.5,66.4725));
#3014=CARTESIAN_POINT('',(14.37,0.,82.795));
#3015=CARTESIAN_POINT('',(14.37,1.5,82.795));
#3016=CARTESIAN_POINT('',(14.37,0.,66.4725));
#3017=CARTESIAN_POINT('Origin',(15.37,1.5,51.745));
#3018=CARTESIAN_POINT('',(15.37,1.5,50.745));
#3019=CARTESIAN_POINT('',(14.37,1.5,51.745));
#3020=CARTESIAN_POINT('Origin',(15.37,1.5,51.745));
#3021=CARTESIAN_POINT('',(14.37,0.,51.745));
#3022=CARTESIAN_POINT('',(14.37,1.5,51.745));
#3023=CARTESIAN_POINT('',(15.37,0.,50.745));
#3024=CARTESIAN_POINT('Origin',(15.37,0.,51.745));
#3025=CARTESIAN_POINT('',(15.37,1.5,50.745));
#3026=CARTESIAN_POINT('Origin',(14.37,1.5,64.745));
#3027=CARTESIAN_POINT('',(14.37,1.5,63.745));
#3028=CARTESIAN_POINT('',(14.37,1.5,56.9475));
#3029=CARTESIAN_POINT('',(14.37,0.,63.745));
#3030=CARTESIAN_POINT('',(14.37,1.5,63.745));
#3031=CARTESIAN_POINT('',(14.37,0.,56.9475));
#3032=CARTESIAN_POINT('Origin',(34.42,1.5,70.795));
#3033=CARTESIAN_POINT('',(34.42,1.5,69.795));
#3034=CARTESIAN_POINT('',(33.42,1.5,70.795));
#3035=CARTESIAN_POINT('Origin',(34.42,1.5,70.795));
#3036=CARTESIAN_POINT('',(33.42,0.,70.795));
#3037=CARTESIAN_POINT('',(33.42,1.5,70.795));
#3038=CARTESIAN_POINT('',(34.42,0.,69.795));
#3039=CARTESIAN_POINT('Origin',(34.42,0.,70.795));
#3040=CARTESIAN_POINT('',(34.42,1.5,69.795));
#3041=CARTESIAN_POINT('Origin',(33.42,1.5,83.795));
#3042=CARTESIAN_POINT('',(33.42,1.5,82.795));
#3043=CARTESIAN_POINT('',(33.42,1.5,66.4725));
#3044=CARTESIAN_POINT('',(33.42,0.,82.795));
#3045=CARTESIAN_POINT('',(33.42,1.5,82.795));
#3046=CARTESIAN_POINT('',(33.42,0.,66.4725));
#3047=CARTESIAN_POINT('Origin',(53.47,1.5,70.795));
#3048=CARTESIAN_POINT('',(53.47,1.5,69.795));
#3049=CARTESIAN_POINT('',(52.47,1.5,70.795));
#3050=CARTESIAN_POINT('Origin',(53.47,1.5,70.795));
#3051=CARTESIAN_POINT('',(52.47,0.,70.795));
#3052=CARTESIAN_POINT('',(52.47,1.5,70.795));
#3053=CARTESIAN_POINT('',(53.47,0.,69.795));
#3054=CARTESIAN_POINT('Origin',(53.47,0.,70.795));
#3055=CARTESIAN_POINT('',(53.47,1.5,69.795));
#3056=CARTESIAN_POINT('Origin',(52.47,1.5,83.795));
#3057=CARTESIAN_POINT('',(52.47,1.5,82.795));
#3058=CARTESIAN_POINT('',(52.47,1.5,66.4725));
#3059=CARTESIAN_POINT('',(52.47,0.,82.795));
#3060=CARTESIAN_POINT('',(52.47,1.5,82.795));
#3061=CARTESIAN_POINT('',(52.47,0.,66.4725));
#3062=CARTESIAN_POINT('Origin',(34.42,1.5,51.745));
#3063=CARTESIAN_POINT('',(34.42,1.5,50.745));
#3064=CARTESIAN_POINT('',(33.42,1.5,51.745));
#3065=CARTESIAN_POINT('Origin',(34.42,1.5,51.745));
#3066=CARTESIAN_POINT('',(33.42,0.,51.745));
#3067=CARTESIAN_POINT('',(33.42,1.5,51.745));
#3068=CARTESIAN_POINT('',(34.42,0.,50.745));
#3069=CARTESIAN_POINT('Origin',(34.42,0.,51.745));
#3070=CARTESIAN_POINT('',(34.42,1.5,50.745));
#3071=CARTESIAN_POINT('Origin',(33.42,1.5,64.745));
#3072=CARTESIAN_POINT('',(33.42,1.5,63.745));
#3073=CARTESIAN_POINT('',(33.42,1.5,56.9475));
#3074=CARTESIAN_POINT('',(33.42,0.,63.745));
#3075=CARTESIAN_POINT('',(33.42,1.5,63.745));
#3076=CARTESIAN_POINT('',(33.42,0.,56.9475));
#3077=CARTESIAN_POINT('Origin',(53.47,1.5,51.745));
#3078=CARTESIAN_POINT('',(53.47,1.5,50.745));
#3079=CARTESIAN_POINT('',(52.47,1.5,51.745));
#3080=CARTESIAN_POINT('Origin',(53.47,1.5,51.745));
#3081=CARTESIAN_POINT('',(52.47,0.,51.745));
#3082=CARTESIAN_POINT('',(52.47,1.5,51.745));
#3083=CARTESIAN_POINT('',(53.47,0.,50.745));
#3084=CARTESIAN_POINT('Origin',(53.47,0.,51.745));
#3085=CARTESIAN_POINT('',(53.47,1.5,50.745));
#3086=CARTESIAN_POINT('Origin',(52.47,1.5,64.745));
#3087=CARTESIAN_POINT('',(52.47,1.5,63.745));
#3088=CARTESIAN_POINT('',(52.47,1.5,56.9475));
#3089=CARTESIAN_POINT('',(52.47,0.,63.745));
#3090=CARTESIAN_POINT('',(52.47,1.5,63.745));
#3091=CARTESIAN_POINT('',(52.47,0.,56.9475));
#3092=CARTESIAN_POINT('Origin',(53.47,1.5,32.695));
#3093=CARTESIAN_POINT('',(53.47,1.5,31.695));
#3094=CARTESIAN_POINT('',(52.47,1.5,32.695));
#3095=CARTESIAN_POINT('Origin',(53.47,1.5,32.695));
#3096=CARTESIAN_POINT('',(52.47,0.,32.695));
#3097=CARTESIAN_POINT('',(52.47,1.5,32.695));
#3098=CARTESIAN_POINT('',(53.47,0.,31.695));
#3099=CARTESIAN_POINT('Origin',(53.47,0.,32.695));
#3100=CARTESIAN_POINT('',(53.47,1.5,31.695));
#3101=CARTESIAN_POINT('Origin',(52.47,1.5,45.695));
#3102=CARTESIAN_POINT('',(52.47,1.5,44.695));
#3103=CARTESIAN_POINT('',(52.47,1.5,47.4225));
#3104=CARTESIAN_POINT('',(52.47,0.,44.695));
#3105=CARTESIAN_POINT('',(52.47,1.5,44.695));
#3106=CARTESIAN_POINT('',(52.47,0.,47.4225));
#3107=CARTESIAN_POINT('Origin',(34.42,1.5,32.695));
#3108=CARTESIAN_POINT('',(34.42,1.5,31.695));
#3109=CARTESIAN_POINT('',(33.42,1.5,32.695));
#3110=CARTESIAN_POINT('Origin',(34.42,1.5,32.695));
#3111=CARTESIAN_POINT('',(33.42,0.,32.695));
#3112=CARTESIAN_POINT('',(33.42,1.5,32.695));
#3113=CARTESIAN_POINT('',(34.42,0.,31.695));
#3114=CARTESIAN_POINT('Origin',(34.42,0.,32.695));
#3115=CARTESIAN_POINT('',(34.42,1.5,31.695));
#3116=CARTESIAN_POINT('Origin',(33.42,1.5,45.695));
#3117=CARTESIAN_POINT('',(33.42,1.5,44.695));
#3118=CARTESIAN_POINT('',(33.42,1.5,47.4225));
#3119=CARTESIAN_POINT('',(33.42,0.,44.695));
#3120=CARTESIAN_POINT('',(33.42,1.5,44.695));
#3121=CARTESIAN_POINT('',(33.42,0.,47.4225));
#3122=CARTESIAN_POINT('Origin',(15.37,1.5,32.695));
#3123=CARTESIAN_POINT('',(15.37,1.5,31.695));
#3124=CARTESIAN_POINT('',(14.37,1.5,32.695));
#3125=CARTESIAN_POINT('Origin',(15.37,1.5,32.695));
#3126=CARTESIAN_POINT('',(14.37,0.,32.695));
#3127=CARTESIAN_POINT('',(14.37,1.5,32.695));
#3128=CARTESIAN_POINT('',(15.37,0.,31.695));
#3129=CARTESIAN_POINT('Origin',(15.37,0.,32.695));
#3130=CARTESIAN_POINT('',(15.37,1.5,31.695));
#3131=CARTESIAN_POINT('Origin',(14.37,1.5,45.695));
#3132=CARTESIAN_POINT('',(14.37,1.5,44.695));
#3133=CARTESIAN_POINT('',(14.37,1.5,47.4225));
#3134=CARTESIAN_POINT('',(14.37,0.,44.695));
#3135=CARTESIAN_POINT('',(14.37,1.5,44.695));
#3136=CARTESIAN_POINT('',(14.37,0.,47.4225));
#3137=CARTESIAN_POINT('Origin',(65.47,1.5,70.795));
#3138=CARTESIAN_POINT('',(66.47,1.5,70.795));
#3139=CARTESIAN_POINT('',(65.47,1.5,69.795));
#3140=CARTESIAN_POINT('Origin',(65.47,1.5,70.795));
#3141=CARTESIAN_POINT('',(65.47,0.,69.795));
#3142=CARTESIAN_POINT('',(65.47,1.5,69.795));
#3143=CARTESIAN_POINT('',(66.47,0.,70.795));
#3144=CARTESIAN_POINT('Origin',(65.47,0.,70.795));
#3145=CARTESIAN_POINT('',(66.47,1.5,70.795));
#3146=CARTESIAN_POINT('Origin',(52.47,1.5,69.795));
#3147=CARTESIAN_POINT('',(52.06,0.,69.795));
#3148=CARTESIAN_POINT('',(52.06,1.5,69.795));
#3149=CARTESIAN_POINT('Origin',(65.47,1.5,51.745));
#3150=CARTESIAN_POINT('',(66.47,1.5,51.745));
#3151=CARTESIAN_POINT('',(65.47,1.5,50.745));
#3152=CARTESIAN_POINT('Origin',(65.47,1.5,51.745));
#3153=CARTESIAN_POINT('',(65.47,0.,50.745));
#3154=CARTESIAN_POINT('',(65.47,1.5,50.745));
#3155=CARTESIAN_POINT('',(66.47,0.,51.745));
#3156=CARTESIAN_POINT('Origin',(65.47,0.,51.745));
#3157=CARTESIAN_POINT('',(66.47,1.5,51.745));
#3158=CARTESIAN_POINT('Origin',(52.47,1.5,50.745));
#3159=CARTESIAN_POINT('',(52.06,0.,50.745));
#3160=CARTESIAN_POINT('',(52.06,1.5,50.745));
#3161=CARTESIAN_POINT('Origin',(65.47,1.5,32.695));
#3162=CARTESIAN_POINT('',(66.47,1.5,32.695));
#3163=CARTESIAN_POINT('',(65.47,1.5,31.695));
#3164=CARTESIAN_POINT('Origin',(65.47,1.5,32.695));
#3165=CARTESIAN_POINT('',(65.47,0.,31.695));
#3166=CARTESIAN_POINT('',(65.47,1.5,31.695));
#3167=CARTESIAN_POINT('',(66.47,0.,32.695));
#3168=CARTESIAN_POINT('Origin',(65.47,0.,32.695));
#3169=CARTESIAN_POINT('',(66.47,1.5,32.695));
#3170=CARTESIAN_POINT('Origin',(52.47,1.5,31.695));
#3171=CARTESIAN_POINT('',(52.06,0.,31.695));
#3172=CARTESIAN_POINT('',(52.06,1.5,31.695));
#3173=CARTESIAN_POINT('Origin',(27.37,1.5,51.745));
#3174=CARTESIAN_POINT('',(28.37,1.5,51.745));
#3175=CARTESIAN_POINT('',(27.37,1.5,50.745));
#3176=CARTESIAN_POINT('Origin',(27.37,1.5,51.745));
#3177=CARTESIAN_POINT('',(27.37,0.,50.745));
#3178=CARTESIAN_POINT('',(27.37,1.5,50.745));
#3179=CARTESIAN_POINT('',(28.37,0.,51.745));
#3180=CARTESIAN_POINT('Origin',(27.37,0.,51.745));
#3181=CARTESIAN_POINT('',(28.37,1.5,51.745));
#3182=CARTESIAN_POINT('Origin',(14.37,1.5,50.745));
#3183=CARTESIAN_POINT('',(33.01,0.,50.745));
#3184=CARTESIAN_POINT('',(33.01,1.5,50.745));
#3185=CARTESIAN_POINT('Origin',(27.37,1.5,70.795));
#3186=CARTESIAN_POINT('',(28.37,1.5,70.795));
#3187=CARTESIAN_POINT('',(27.37,1.5,69.795));
#3188=CARTESIAN_POINT('Origin',(27.37,1.5,70.795));
#3189=CARTESIAN_POINT('',(27.37,0.,69.795));
#3190=CARTESIAN_POINT('',(27.37,1.5,69.795));
#3191=CARTESIAN_POINT('',(28.37,0.,70.795));
#3192=CARTESIAN_POINT('Origin',(27.37,0.,70.795));
#3193=CARTESIAN_POINT('',(28.37,1.5,70.795));
#3194=CARTESIAN_POINT('Origin',(14.37,1.5,69.795));
#3195=CARTESIAN_POINT('',(33.01,0.,69.795));
#3196=CARTESIAN_POINT('',(33.01,1.5,69.795));
#3197=CARTESIAN_POINT('Origin',(46.42,1.5,70.795));
#3198=CARTESIAN_POINT('',(47.42,1.5,70.795));
#3199=CARTESIAN_POINT('',(46.42,1.5,69.795));
#3200=CARTESIAN_POINT('Origin',(46.42,1.5,70.795));
#3201=CARTESIAN_POINT('',(46.42,0.,69.795));
#3202=CARTESIAN_POINT('',(46.42,1.5,69.795));
#3203=CARTESIAN_POINT('',(47.42,0.,70.795));
#3204=CARTESIAN_POINT('Origin',(46.42,0.,70.795));
#3205=CARTESIAN_POINT('',(47.42,1.5,70.795));
#3206=CARTESIAN_POINT('Origin',(33.42,1.5,69.795));
#3207=CARTESIAN_POINT('',(42.535,0.,69.795));
#3208=CARTESIAN_POINT('',(42.535,1.5,69.795));
#3209=CARTESIAN_POINT('Origin',(46.42,1.5,51.745));
#3210=CARTESIAN_POINT('',(47.42,1.5,51.745));
#3211=CARTESIAN_POINT('',(46.42,1.5,50.745));
#3212=CARTESIAN_POINT('Origin',(46.42,1.5,51.745));
#3213=CARTESIAN_POINT('',(46.42,0.,50.745));
#3214=CARTESIAN_POINT('',(46.42,1.5,50.745));
#3215=CARTESIAN_POINT('',(47.42,0.,51.745));
#3216=CARTESIAN_POINT('Origin',(46.42,0.,51.745));
#3217=CARTESIAN_POINT('',(47.42,1.5,51.745));
#3218=CARTESIAN_POINT('Origin',(33.42,1.5,50.745));
#3219=CARTESIAN_POINT('',(42.535,0.,50.745));
#3220=CARTESIAN_POINT('',(42.535,1.5,50.745));
#3221=CARTESIAN_POINT('Origin',(46.42,1.5,32.695));
#3222=CARTESIAN_POINT('',(47.42,1.5,32.695));
#3223=CARTESIAN_POINT('',(46.42,1.5,31.695));
#3224=CARTESIAN_POINT('Origin',(46.42,1.5,32.695));
#3225=CARTESIAN_POINT('',(46.42,0.,31.695));
#3226=CARTESIAN_POINT('',(46.42,1.5,31.695));
#3227=CARTESIAN_POINT('',(47.42,0.,32.695));
#3228=CARTESIAN_POINT('Origin',(46.42,0.,32.695));
#3229=CARTESIAN_POINT('',(47.42,1.5,32.695));
#3230=CARTESIAN_POINT('Origin',(33.42,1.5,31.695));
#3231=CARTESIAN_POINT('',(42.535,0.,31.695));
#3232=CARTESIAN_POINT('',(42.535,1.5,31.695));
#3233=CARTESIAN_POINT('Origin',(27.37,1.5,32.695));
#3234=CARTESIAN_POINT('',(28.37,1.5,32.695));
#3235=CARTESIAN_POINT('',(27.37,1.5,31.695));
#3236=CARTESIAN_POINT('Origin',(27.37,1.5,32.695));
#3237=CARTESIAN_POINT('',(27.37,0.,31.695));
#3238=CARTESIAN_POINT('',(27.37,1.5,31.695));
#3239=CARTESIAN_POINT('',(28.37,0.,32.695));
#3240=CARTESIAN_POINT('Origin',(27.37,0.,32.695));
#3241=CARTESIAN_POINT('',(28.37,1.5,32.695));
#3242=CARTESIAN_POINT('Origin',(14.37,1.5,31.695));
#3243=CARTESIAN_POINT('',(33.01,0.,31.695));
#3244=CARTESIAN_POINT('',(33.01,1.5,31.695));
#3245=CARTESIAN_POINT('Origin',(27.37,1.5,44.695));
#3246=CARTESIAN_POINT('',(27.37,1.5,45.695));
#3247=CARTESIAN_POINT('',(28.37,1.5,44.695));
#3248=CARTESIAN_POINT('Origin',(27.37,1.5,44.695));
#3249=CARTESIAN_POINT('',(28.37,0.,44.695));
#3250=CARTESIAN_POINT('',(28.37,1.5,44.695));
#3251=CARTESIAN_POINT('',(27.37,0.,45.695));
#3252=CARTESIAN_POINT('Origin',(27.37,0.,44.695));
#3253=CARTESIAN_POINT('',(27.37,1.5,45.695));
#3254=CARTESIAN_POINT('Origin',(28.37,1.5,31.695));
#3255=CARTESIAN_POINT('',(28.37,0.,40.4225));
#3256=CARTESIAN_POINT('',(28.37,1.5,40.4225));
#3257=CARTESIAN_POINT('Origin',(27.37,1.5,63.745));
#3258=CARTESIAN_POINT('',(27.37,1.5,64.745));
#3259=CARTESIAN_POINT('',(28.37,1.5,63.745));
#3260=CARTESIAN_POINT('Origin',(27.37,1.5,63.745));
#3261=CARTESIAN_POINT('',(28.37,0.,63.745));
#3262=CARTESIAN_POINT('',(28.37,1.5,63.745));
#3263=CARTESIAN_POINT('',(27.37,0.,64.745));
#3264=CARTESIAN_POINT('Origin',(27.37,0.,63.745));
#3265=CARTESIAN_POINT('',(27.37,1.5,64.745));
#3266=CARTESIAN_POINT('Origin',(28.37,1.5,50.745));
#3267=CARTESIAN_POINT('',(28.37,0.,49.9475));
#3268=CARTESIAN_POINT('',(28.37,1.5,49.9475));
#3269=CARTESIAN_POINT('Origin',(27.37,1.5,82.795));
#3270=CARTESIAN_POINT('',(27.37,1.5,83.795));
#3271=CARTESIAN_POINT('',(28.37,1.5,82.795));
#3272=CARTESIAN_POINT('Origin',(27.37,1.5,82.795));
#3273=CARTESIAN_POINT('',(28.37,0.,82.795));
#3274=CARTESIAN_POINT('',(28.37,1.5,82.795));
#3275=CARTESIAN_POINT('',(27.37,0.,83.795));
#3276=CARTESIAN_POINT('Origin',(27.37,0.,82.795));
#3277=CARTESIAN_POINT('',(27.37,1.5,83.795));
#3278=CARTESIAN_POINT('Origin',(28.37,1.5,69.795));
#3279=CARTESIAN_POINT('',(28.37,0.,59.4725));
#3280=CARTESIAN_POINT('',(28.37,1.5,59.4725));
#3281=CARTESIAN_POINT('Origin',(46.42,1.5,82.795));
#3282=CARTESIAN_POINT('',(46.42,1.5,83.795));
#3283=CARTESIAN_POINT('',(47.42,1.5,82.795));
#3284=CARTESIAN_POINT('Origin',(46.42,1.5,82.795));
#3285=CARTESIAN_POINT('',(47.42,0.,82.795));
#3286=CARTESIAN_POINT('',(47.42,1.5,82.795));
#3287=CARTESIAN_POINT('',(46.42,0.,83.795));
#3288=CARTESIAN_POINT('Origin',(46.42,0.,82.795));
#3289=CARTESIAN_POINT('',(46.42,1.5,83.795));
#3290=CARTESIAN_POINT('Origin',(47.42,1.5,69.795));
#3291=CARTESIAN_POINT('',(47.42,0.,59.4725));
#3292=CARTESIAN_POINT('',(47.42,1.5,59.4725));
#3293=CARTESIAN_POINT('Origin',(46.42,1.5,63.745));
#3294=CARTESIAN_POINT('',(46.42,1.5,64.745));
#3295=CARTESIAN_POINT('',(47.42,1.5,63.745));
#3296=CARTESIAN_POINT('Origin',(46.42,1.5,63.745));
#3297=CARTESIAN_POINT('',(47.42,0.,63.745));
#3298=CARTESIAN_POINT('',(47.42,1.5,63.745));
#3299=CARTESIAN_POINT('',(46.42,0.,64.745));
#3300=CARTESIAN_POINT('Origin',(46.42,0.,63.745));
#3301=CARTESIAN_POINT('',(46.42,1.5,64.745));
#3302=CARTESIAN_POINT('Origin',(47.42,1.5,50.745));
#3303=CARTESIAN_POINT('',(47.42,0.,49.9475));
#3304=CARTESIAN_POINT('',(47.42,1.5,49.9475));
#3305=CARTESIAN_POINT('Origin',(46.42,1.5,44.695));
#3306=CARTESIAN_POINT('',(46.42,1.5,45.695));
#3307=CARTESIAN_POINT('',(47.42,1.5,44.695));
#3308=CARTESIAN_POINT('Origin',(46.42,1.5,44.695));
#3309=CARTESIAN_POINT('',(47.42,0.,44.695));
#3310=CARTESIAN_POINT('',(47.42,1.5,44.695));
#3311=CARTESIAN_POINT('',(46.42,0.,45.695));
#3312=CARTESIAN_POINT('Origin',(46.42,0.,44.695));
#3313=CARTESIAN_POINT('',(46.42,1.5,45.695));
#3314=CARTESIAN_POINT('Origin',(47.42,1.5,31.695));
#3315=CARTESIAN_POINT('',(47.42,0.,40.4225));
#3316=CARTESIAN_POINT('',(47.42,1.5,40.4225));
#3317=CARTESIAN_POINT('Origin',(65.47,1.5,44.695));
#3318=CARTESIAN_POINT('',(65.47,1.5,45.695));
#3319=CARTESIAN_POINT('',(66.47,1.5,44.695));
#3320=CARTESIAN_POINT('Origin',(65.47,1.5,44.695));
#3321=CARTESIAN_POINT('',(66.47,0.,44.695));
#3322=CARTESIAN_POINT('',(66.47,1.5,44.695));
#3323=CARTESIAN_POINT('',(65.47,0.,45.695));
#3324=CARTESIAN_POINT('Origin',(65.47,0.,44.695));
#3325=CARTESIAN_POINT('',(65.47,1.5,45.695));
#3326=CARTESIAN_POINT('Origin',(66.47,1.5,31.695));
#3327=CARTESIAN_POINT('',(66.47,0.,40.4225));
#3328=CARTESIAN_POINT('',(66.47,1.5,40.4225));
#3329=CARTESIAN_POINT('Origin',(65.47,1.5,63.745));
#3330=CARTESIAN_POINT('',(65.47,1.5,64.745));
#3331=CARTESIAN_POINT('',(66.47,1.5,63.745));
#3332=CARTESIAN_POINT('Origin',(65.47,1.5,63.745));
#3333=CARTESIAN_POINT('',(66.47,0.,63.745));
#3334=CARTESIAN_POINT('',(66.47,1.5,63.745));
#3335=CARTESIAN_POINT('',(65.47,0.,64.745));
#3336=CARTESIAN_POINT('Origin',(65.47,0.,63.745));
#3337=CARTESIAN_POINT('',(65.47,1.5,64.745));
#3338=CARTESIAN_POINT('Origin',(66.47,1.5,50.745));
#3339=CARTESIAN_POINT('',(66.47,0.,49.9475));
#3340=CARTESIAN_POINT('',(66.47,1.5,49.9475));
#3341=CARTESIAN_POINT('Origin',(65.47,1.5,82.795));
#3342=CARTESIAN_POINT('',(65.47,1.5,83.795));
#3343=CARTESIAN_POINT('',(66.47,1.5,82.795));
#3344=CARTESIAN_POINT('Origin',(65.47,1.5,82.795));
#3345=CARTESIAN_POINT('',(66.47,0.,82.795));
#3346=CARTESIAN_POINT('',(66.47,1.5,82.795));
#3347=CARTESIAN_POINT('',(65.47,0.,83.795));
#3348=CARTESIAN_POINT('Origin',(65.47,0.,82.795));
#3349=CARTESIAN_POINT('',(65.47,1.5,83.795));
#3350=CARTESIAN_POINT('Origin',(66.47,1.5,69.795));
#3351=CARTESIAN_POINT('',(66.47,0.,59.4725));
#3352=CARTESIAN_POINT('',(66.47,1.5,59.4725));
#3353=CARTESIAN_POINT('Origin',(15.37,1.5,44.695));
#3354=CARTESIAN_POINT('',(15.37,1.5,45.695));
#3355=CARTESIAN_POINT('Origin',(15.37,1.5,44.695));
#3356=CARTESIAN_POINT('',(15.37,0.,45.695));
#3357=CARTESIAN_POINT('',(15.37,1.5,45.695));
#3358=CARTESIAN_POINT('Origin',(15.37,0.,44.695));
#3359=CARTESIAN_POINT('Origin',(28.37,1.5,45.695));
#3360=CARTESIAN_POINT('',(40.01,0.,45.695));
#3361=CARTESIAN_POINT('',(40.01,1.5,45.695));
#3362=CARTESIAN_POINT('Origin',(15.37,1.5,63.745));
#3363=CARTESIAN_POINT('',(15.37,1.5,64.745));
#3364=CARTESIAN_POINT('Origin',(15.37,1.5,63.745));
#3365=CARTESIAN_POINT('',(15.37,0.,64.745));
#3366=CARTESIAN_POINT('',(15.37,1.5,64.745));
#3367=CARTESIAN_POINT('Origin',(15.37,0.,63.745));
#3368=CARTESIAN_POINT('Origin',(28.37,1.5,64.745));
#3369=CARTESIAN_POINT('',(40.01,0.,64.745));
#3370=CARTESIAN_POINT('',(40.01,1.5,64.745));
#3371=CARTESIAN_POINT('Origin',(15.37,1.5,82.795));
#3372=CARTESIAN_POINT('',(15.37,1.5,83.795));
#3373=CARTESIAN_POINT('Origin',(15.37,1.5,82.795));
#3374=CARTESIAN_POINT('',(15.37,0.,83.795));
#3375=CARTESIAN_POINT('',(15.37,1.5,83.795));
#3376=CARTESIAN_POINT('Origin',(15.37,0.,82.795));
#3377=CARTESIAN_POINT('Origin',(28.37,1.5,83.795));
#3378=CARTESIAN_POINT('',(40.01,0.,83.795));
#3379=CARTESIAN_POINT('',(40.01,1.5,83.795));
#3380=CARTESIAN_POINT('Origin',(34.42,1.5,44.695));
#3381=CARTESIAN_POINT('',(34.42,1.5,45.695));
#3382=CARTESIAN_POINT('Origin',(34.42,1.5,44.695));
#3383=CARTESIAN_POINT('',(34.42,0.,45.695));
#3384=CARTESIAN_POINT('',(34.42,1.5,45.695));
#3385=CARTESIAN_POINT('Origin',(34.42,0.,44.695));
#3386=CARTESIAN_POINT('Origin',(47.42,1.5,45.695));
#3387=CARTESIAN_POINT('',(49.535,0.,45.695));
#3388=CARTESIAN_POINT('',(49.535,1.5,45.695));
#3389=CARTESIAN_POINT('Origin',(34.42,1.5,63.745));
#3390=CARTESIAN_POINT('',(34.42,1.5,64.745));
#3391=CARTESIAN_POINT('Origin',(34.42,1.5,63.745));
#3392=CARTESIAN_POINT('',(34.42,0.,64.745));
#3393=CARTESIAN_POINT('',(34.42,1.5,64.745));
#3394=CARTESIAN_POINT('Origin',(34.42,0.,63.745));
#3395=CARTESIAN_POINT('Origin',(47.42,1.5,64.745));
#3396=CARTESIAN_POINT('',(49.535,0.,64.745));
#3397=CARTESIAN_POINT('',(49.535,1.5,64.745));
#3398=CARTESIAN_POINT('Origin',(34.42,1.5,82.795));
#3399=CARTESIAN_POINT('',(34.42,1.5,83.795));
#3400=CARTESIAN_POINT('Origin',(34.42,1.5,82.795));
#3401=CARTESIAN_POINT('',(34.42,0.,83.795));
#3402=CARTESIAN_POINT('',(34.42,1.5,83.795));
#3403=CARTESIAN_POINT('Origin',(34.42,0.,82.795));
#3404=CARTESIAN_POINT('Origin',(47.42,1.5,83.795));
#3405=CARTESIAN_POINT('',(49.535,0.,83.795));
#3406=CARTESIAN_POINT('',(49.535,1.5,83.795));
#3407=CARTESIAN_POINT('Origin',(53.47,1.5,82.795));
#3408=CARTESIAN_POINT('',(53.47,1.5,83.795));
#3409=CARTESIAN_POINT('Origin',(53.47,1.5,82.795));
#3410=CARTESIAN_POINT('',(53.47,0.,83.795));
#3411=CARTESIAN_POINT('',(53.47,1.5,83.795));
#3412=CARTESIAN_POINT('Origin',(53.47,0.,82.795));
#3413=CARTESIAN_POINT('Origin',(66.47,1.5,83.795));
#3414=CARTESIAN_POINT('',(59.06,0.,83.795));
#3415=CARTESIAN_POINT('',(59.06,1.5,83.795));
#3416=CARTESIAN_POINT('Origin',(53.47,1.5,63.745));
#3417=CARTESIAN_POINT('',(53.47,1.5,64.745));
#3418=CARTESIAN_POINT('Origin',(53.47,1.5,63.745));
#3419=CARTESIAN_POINT('',(53.47,0.,64.745));
#3420=CARTESIAN_POINT('',(53.47,1.5,64.745));
#3421=CARTESIAN_POINT('Origin',(53.47,0.,63.745));
#3422=CARTESIAN_POINT('Origin',(66.47,1.5,64.745));
#3423=CARTESIAN_POINT('',(59.06,0.,64.745));
#3424=CARTESIAN_POINT('',(59.06,1.5,64.745));
#3425=CARTESIAN_POINT('Origin',(53.47,1.5,44.695));
#3426=CARTESIAN_POINT('',(53.47,1.5,45.695));
#3427=CARTESIAN_POINT('Origin',(53.47,1.5,44.695));
#3428=CARTESIAN_POINT('',(53.47,0.,45.695));
#3429=CARTESIAN_POINT('',(53.47,1.5,45.695));
#3430=CARTESIAN_POINT('Origin',(53.47,0.,44.695));
#3431=CARTESIAN_POINT('Origin',(66.47,1.5,45.695));
#3432=CARTESIAN_POINT('',(59.06,0.,45.695));
#3433=CARTESIAN_POINT('',(59.06,1.5,45.695));
#3434=CARTESIAN_POINT('Origin',(98.3,0.,5.));
#3435=CARTESIAN_POINT('',(98.3,1.5,0.));
#3436=CARTESIAN_POINT('',(103.3,1.5,5.));
#3437=CARTESIAN_POINT('Origin',(98.3,1.5,5.));
#3438=CARTESIAN_POINT('',(103.3,0.,5.));
#3439=CARTESIAN_POINT('',(103.3,0.,5.));
#3440=CARTESIAN_POINT('',(98.3,0.,0.));
#3441=CARTESIAN_POINT('Origin',(98.3,0.,5.));
#3442=CARTESIAN_POINT('',(98.3,0.,0.));
#3443=CARTESIAN_POINT('Origin',(103.3,0.,0.));
#3444=CARTESIAN_POINT('',(5.,0.,0.));
#3445=CARTESIAN_POINT('',(0.,0.,0.));
#3446=CARTESIAN_POINT('',(5.,1.5,0.));
#3447=CARTESIAN_POINT('',(5.,0.,0.));
#3448=CARTESIAN_POINT('',(0.,1.5,0.));
#3449=CARTESIAN_POINT('Origin',(51.65,0.,49.15));
#3450=CARTESIAN_POINT('',(103.3,0.,93.3));
#3451=CARTESIAN_POINT('',(103.3,0.,0.));
#3452=CARTESIAN_POINT('',(98.3,0.,98.3));
#3453=CARTESIAN_POINT('Origin',(98.3,0.,93.3));
#3454=CARTESIAN_POINT('',(5.,0.,98.3));
#3455=CARTESIAN_POINT('',(103.3,0.,98.3));
#3456=CARTESIAN_POINT('',(0.,0.,93.3));
#3457=CARTESIAN_POINT('Origin',(5.,0.,93.3));
#3458=CARTESIAN_POINT('',(0.,0.,5.));
#3459=CARTESIAN_POINT('',(0.,0.,98.3));
#3460=CARTESIAN_POINT('Origin',(5.,0.,5.));
#3461=CARTESIAN_POINT('',(66.751,0.,24.6));
#3462=CARTESIAN_POINT('',(66.751,0.,12.6));
#3463=CARTESIAN_POINT('',(66.751,0.,30.875));
#3464=CARTESIAN_POINT('',(54.751,0.,12.6));
#3465=CARTESIAN_POINT('',(53.2005,0.,12.6));
#3466=CARTESIAN_POINT('',(54.751,0.,24.6));
#3467=CARTESIAN_POINT('',(54.751,0.,36.875));
#3468=CARTESIAN_POINT('',(59.2005,0.,24.6));
#3469=CARTESIAN_POINT('Origin',(5.,0.,5.));
#3470=CARTESIAN_POINT('',(0.,1.5,5.));
#3471=CARTESIAN_POINT('Origin',(5.,1.5,5.));
#3472=CARTESIAN_POINT('',(0.,0.,5.));
#3473=CARTESIAN_POINT('Origin',(0.,0.,0.));
#3474=CARTESIAN_POINT('',(0.,1.5,93.3));
#3475=CARTESIAN_POINT('',(0.,0.,93.3));
#3476=CARTESIAN_POINT('',(0.,1.5,98.3));
#3477=CARTESIAN_POINT('Origin',(5.,0.,93.3));
#3478=CARTESIAN_POINT('',(5.,1.5,98.3));
#3479=CARTESIAN_POINT('Origin',(5.,1.5,93.3));
#3480=CARTESIAN_POINT('',(5.,0.,98.3));
#3481=CARTESIAN_POINT('Origin',(0.,0.,98.3));
#3482=CARTESIAN_POINT('',(98.3,1.5,98.3));
#3483=CARTESIAN_POINT('',(98.3,0.,98.3));
#3484=CARTESIAN_POINT('',(103.3,1.5,98.3));
#3485=CARTESIAN_POINT('Origin',(98.3,0.,93.3));
#3486=CARTESIAN_POINT('',(103.3,1.5,93.3));
#3487=CARTESIAN_POINT('Origin',(98.3,1.5,93.3));
#3488=CARTESIAN_POINT('',(103.3,0.,93.3));
#3489=CARTESIAN_POINT('Origin',(66.751,1.5,12.6));
#3490=CARTESIAN_POINT('',(66.751,1.5,12.6));
#3491=CARTESIAN_POINT('',(66.751,1.5,24.6));
#3492=CARTESIAN_POINT('',(66.751,1.5,30.875));
#3493=CARTESIAN_POINT('',(66.751,1.5,12.6));
#3494=CARTESIAN_POINT('',(66.751,1.5,24.6));
#3495=CARTESIAN_POINT('Origin',(54.751,1.5,12.6));
#3496=CARTESIAN_POINT('',(54.751,1.5,12.6));
#3497=CARTESIAN_POINT('',(53.2005,1.5,12.6));
#3498=CARTESIAN_POINT('',(54.751,1.5,12.6));
#3499=CARTESIAN_POINT('Origin',(54.751,1.5,24.6));
#3500=CARTESIAN_POINT('',(54.751,1.5,24.6));
#3501=CARTESIAN_POINT('',(54.751,1.5,36.875));
#3502=CARTESIAN_POINT('',(54.751,1.5,24.6));
#3503=CARTESIAN_POINT('Origin',(66.751,1.5,24.6));
#3504=CARTESIAN_POINT('',(59.2005,1.5,24.6));
#3505=CARTESIAN_POINT('Origin',(103.3,0.,98.3));
#3506=CARTESIAN_POINT('',(103.3,1.5,0.));
#3507=CARTESIAN_POINT('Origin',(51.65,1.5,49.15));
#3508=UNCERTAINTY_MEASURE_WITH_UNIT(LENGTH_MEASURE(0.01),#3512,
'DISTANCE_ACCURACY_VALUE',
'Maximum model space distance between geometric entities at asserted c
onnectivities');
#3509=UNCERTAINTY_MEASURE_WITH_UNIT(LENGTH_MEASURE(0.01),#3512,
'DISTANCE_ACCURACY_VALUE',
'Maximum model space distance between geometric entities at asserted c
onnectivities');
#3510=(
GEOMETRIC_REPRESENTATION_CONTEXT(3)
GLOBAL_UNCERTAINTY_ASSIGNED_CONTEXT((#3508))
GLOBAL_UNIT_ASSIGNED_CONTEXT((#3512,#3514,#3515))
REPRESENTATION_CONTEXT('','3D')
);
#3511=(
GEOMETRIC_REPRESENTATION_CONTEXT(3)
GLOBAL_UNCERTAINTY_ASSIGNED_CONTEXT((#3509))
GLOBAL_UNIT_ASSIGNED_CONTEXT((#3512,#3514,#3515))
REPRESENTATION_CONTEXT('','3D')
);
#3512=(
LENGTH_UNIT()
NAMED_UNIT(*)
SI_UNIT(.MILLI.,.METRE.)
);
#3513=(
LENGTH_UNIT()
NAMED_UNIT(*)
SI_UNIT($,.METRE.)
);
#3514=(
NAMED_UNIT(*)
PLANE_ANGLE_UNIT()
SI_UNIT($,.RADIAN.)
);
#3515=(
NAMED_UNIT(*)
SI_UNIT($,.STERADIAN.)
SOLID_ANGLE_UNIT()
);
#3516=SHAPE_DEFINITION_REPRESENTATION(#3517,#3518);
#3517=PRODUCT_DEFINITION_SHAPE('',$,#3520);
#3518=SHAPE_REPRESENTATION('',(#2104),#3510);
#3519=PRODUCT_DEFINITION_CONTEXT('part definition',#3524,'design');
#3520=PRODUCT_DEFINITION('2026-06-07-13-32-33-714','topPlate v2.2',#3521,
#3519);
#3521=PRODUCT_DEFINITION_FORMATION('',$,#3526);
#3522=PRODUCT_RELATED_PRODUCT_CATEGORY('topPlate v2.2','topPlate v2.2',
(#3526));
#3523=APPLICATION_PROTOCOL_DEFINITION('international standard',
'automotive_design',2009,#3524);
#3524=APPLICATION_CONTEXT(
'Core Data for Automotive Mechanical Design Process');
#3525=PRODUCT_CONTEXT('part definition',#3524,'mechanical');
#3526=PRODUCT('2026-06-07-13-32-33-714','topPlate v2.2',$,(#3525));
#3527=PRESENTATION_STYLE_ASSIGNMENT((#3528));
#3528=SURFACE_STYLE_USAGE(.BOTH.,#3529);
#3529=SURFACE_SIDE_STYLE('',(#3530));
#3530=SURFACE_STYLE_FILL_AREA(#3531);
#3531=FILL_AREA_STYLE('Steel - Satin',(#3532));
#3532=FILL_AREA_STYLE_COLOUR('Steel - Satin',#3533);
#3533=COLOUR_RGB('Steel - Satin',0.627450980392157,0.627450980392157,0.627450980392157);
ENDSEC;
END-ISO-10303-21;
